/r/nocontext,74144
/r/evenwithcontext,14953
/r/outofcontext,614
/r/especiallywithcontext,333
/r/animenocontext,265
/r/evenwithnocontext,192
/r/context,139
/r/withoutcontext,97
/r/mylittleoutofcontext,91
/r/evenwithoutcontext,86
/r/disneyoutofcontext,45
/r/nocontextwallpapers,43
/r/withcontext,39
/r/nocontextpics,39
/r/nocontextneeded,38
/r/worsewithcontext,35
/r/yescontext,34
/r/onlywithcontext,33
/r/youcanthandlethecontext,30
/r/idecidethecontext,30
/r/outofcontextcomics,29
/r/geencontext,27
/r/theydidthemonstercontext,26
/r/notevenwithcontext,26
/r/somecontext,25
/r/noamountofcontext,23
/r/animeevenwithcontext,23
/r/nocontextdadjokes,22
/r/evenincontext,20
/r/wrestlenocontext,19
/r/nocontextbooks,19
/r/yourmomscontext,17
/r/withorwithoutcontext,17
/r/thereisnocontext,15
/r/literallynocontext,15
/r/fakecontext,14
/r/betterwithcontext,14
/r/oddwithoutcontext,13
/r/makessenseincontext,13
/r/itwasagraveyardcontext,12
/r/noncontext,11
/r/evenwiththecontext,11
/r/toomuchcontext,10
/r/plentyofcontext,9
/r/evenworsewithcontext,9
/r/dadcontext,9
/r/shittynocontext,8
/r/nocontextnecessary,8
/r/im14andthisisnocontext,8
/r/im14andthisiscontext,8
/r/doesntneedcontext,8
/r/sanscontexte,7
/r/oddwithcontext,7
/r/nocontextgifs,7
/r/im14andthisisevenwithcontext,7
/r/betterwithoutcontext,7
/r/anycontext,7
/r/wrongcontext,6
/r/theydidthenocontext,6
/r/nocontexttext,6
/r/dudewheresmycontext,6
/r/contextfreequotes,6
/r/bestcontext,6
/r/wheredidthecontextgo,5
/r/whatcontext,5
/r/theydidthecontext,5
/r/thereneverwascontext,5
/r/takenoutofcontext,5
/r/sincontexto,5
/r/semcontexto,5
/r/sanscontext,5
/r/pasdecontexte,5
/r/nocontextbandnames,5
/r/missingcontext,5
/r/memeaveclecontexte,5
/r/makessensewithcontext,5
/r/incontext,5
/r/graffitiincontext,5
/r/fuckcontext,5
/r/elvenwithcontext,5
/r/yogsoutofcontext,4
/r/weirderwithcontext,4
/r/theydidthecontextmash,4
/r/speciallywithcontext,4
/r/notevenwithoutcontext,4
/r/nocontextracism,4
/r/icantevenwithcontext,4
/r/evenwithfuckingcontext,4
/r/eveneithcontext,4
/r/contextmakesitworse,4
/r/contextgore,4
/r/butwithcontext,4
/r/withoutanycontext,3
/r/whatiscontext,3
/r/understandablewithcontext,3
/r/truenocontext,3
/r/theydidthemonsterminionhatecontext,3
/r/therewasnocontext,3
/r/somethingsomethingcontext,3
/r/notevenincontext,3
/r/notenoughcontext,3
/r/notcontext,3
/r/noncontextwallpapers,3
/r/nocontexttobeginwith,3
/r/nocontexttitles,3
/r/nocontextrequired,3
/r/nocontextimages,3
/r/nocontextgrumps,3
/r/needscontext,3
/r/ncontext,3
/r/manganocontext,3
/r/lotsofcontext,3
/r/lackofcontext,3
/r/horscontexte,3
/r/homestuckoutofcontext,3
/r/fullcontext,3
/r/everycontext,3
/r/evenwithoutnocontext,3
/r/enoughcontext,3
/r/deliberatenocontext,3
/r/dadjokesnocontext,3
/r/contextwitheven,3
/r/almostnocontext,3
/r/allcontext,3
/r/actuallynocontext,3
/r/zelfsmetcontext,2
/r/youdecidethecontext,2
/r/withcontextitactuallymakessense,2
/r/wholesomenocontext,2
/r/whocaresaboutcontext,2
/r/whatnoitmakesperfectsensewithcontext,2
/r/verycontext,2
/r/usernamecontext,2
/r/totallyincontext,2
/r/theydidthemonsterevenwithcontext,2
/r/therewasnocontexttobeginwith,2
/r/therewasneveranycontext,2
/r/subcontext,2
/r/stillwithcontext,2
/r/stillnocontext,2
/r/specificallybecauseofthecontext,2
/r/somuchcontext,2
/r/schrodingerscontext,2
/r/perfectlyfineincontext,2
/r/particularlywithcontext,2
/r/outofcontexttitles,2
/r/outofcontextreddit,2
/r/onlywithoutcontext,2
/r/notevenwithoutnocontext,2
/r/notevenwithnocontext,2
/r/normalwithoutcontext,2
/r/noneedforcontext,2
/r/nomatterthecontextthisisfuckedup,2
/r/noitmakessensewithcontext,2
/r/noitmakessenseincontext,2
/r/nofuckingcontext,2
/r/nodadjokescontext,2
/r/nocontextwallpaper,2
/r/nocontexttldr,2
/r/nocontextshitpost,2
/r/nocontextsfw,2
/r/nocontextporncomments,2
/r/nocontextporn,2
/r/nocontextcringe,2
/r/nocontextcomics,2
/r/nflnocontext,2
/r/needsnocontext,2
/r/nascarnocontext,2
/r/mylittlenocontext,2
/r/moresowithcontext,2
/r/moderateamountofcontext,2
/r/lecontext,2
/r/itwasanocontext,2
/r/idontevenwithcontext,2
/r/hockeyoutofcontext,2
/r/hilariousincontext,2
/r/gentlemancontextdads,2
/r/gamingnocontext,2
/r/funnierwithcontext,2
/r/faracontext,2
/r/f1nocontext,2
/r/evenwithsomecontext,2
/r/evenwithmorecontext,2
/r/evenwithlecontext,2
/r/evenoutofcontext,2
/r/especiallyincontext,2
/r/doesntunderstandnocontext,2
/r/doesnotneedcontext,2
/r/dearthofcontext,2
/r/dadcontexts,2
/r/contextschmontext,2
/r/contextno,2
/r/contextmatters,2
/r/contextless,2
/r/contextjokes,2
/r/contexthate,2
/r/contextfree,2
/r/butevenwithcontext,2
/r/archieoutofcontext,2
/r/animecontext,2
/r/allthecontext,2
/r/absenceofcontext,2
/r/404contextnotfound,2
/r/zondercontext,1
/r/zerocontext,1
/r/youwontbelievewheretheyputthecontext,1
/r/yourhoboscontext,1
/r/yourenotthebossofcontext,1
/r/yourenotmyrealcontext,1
/r/yourcommentisliterallynocontext,1
/r/youneedcontextforthis,1
/r/youmomgoestocontext,1
/r/youmissingcontext,1
/r/youfuckeditupcontext,1
/r/youdontreallyknowbecausenocontextwasprovided,1
/r/youdontknowwhatcontextis,1
/r/youdontcontext,1
/r/youcanthandelthecontext,1
/r/youareunderarrestcontext,1
/r/youarebothactuallymisinformedontheproperusageofrslashnocontext,1
/r/yescontextsouthpark,1
/r/ycontext,1
/r/wtfevenwithcontext,1
/r/wrestlingwithoutcontext,1
/r/wrestlingnocontext,1
/r/wowcontext,1
/r/worseincontext,1
/r/withtherightcontext,1
/r/withouttheolcontext,1
/r/withoutthecontextual,1
/r/withoutevencontext,1
/r/withoutcontextthisisfine,1
/r/withoutcontextactuallymakesstatementseemkindofnormal,1
/r/withnocontextitsoundssexual,1
/r/withcontextunderstandable,1
/r/withcontextthismakessomesense,1
/r/withcontextitsreallyjustpointingoutthehypocrisyofsomeoneelsesothisreallyisntanevenwithcontextsituation,1
/r/withcontextitsnotwierd,1
/r/withcontextitmakessense,1
/r/withanycontext,1
/r/withandwithoutcontextforkarma,1
/r/withandorwithoutcontextthisisweirdandorfuckedup,1
/r/wincestcontext,1
/r/wierderwithcontext,1
/r/whyisthecontextgone,1
/r/whyisthecontextalwaysgone,1
/r/whosecontextisthisanyway,1
/r/whoscontextisitanyway,1
/r/whoneedscontext,1
/r/whitepeopleusingcontextclues,1
/r/whereweregoingwedontneedcontext,1
/r/wheresthecontextffs,1
/r/wheresthecontext,1
/r/whereisthecontext,1
/r/wheredidthesodagostylegotnocontextgifs,1
/r/wheredidthecontextcottoneyedjoe,1
/r/wheredidileavemycontext,1
/r/wheredatcontextat,1
/r/whatwasthexcontext,1
/r/whatthefuckareyoutalkingaboutthishascontext,1
/r/whatsthecontext,1
/r/whatisthisineedcontext,1
/r/whatishappeningcontext,1
/r/whatiscontextidontknow,1
/r/whatfuckingcontext,1
/r/whatdidthecontextsay,1
/r/whatareyousayingthiswasintocontext,1
/r/whatarecontextualclues,1
/r/wellactuallysomecontext,1
/r/weirdsushimicontext,1
/r/weirdporncontext,1
/r/weirdevenwithmuthafuckincontext,1
/r/weirdcontext,1
/r/wedontneedcontext,1
/r/wediditredditcontext,1
/r/wcontext,1
/r/wastherereallyanycontext,1
/r/vulgarquoteswithfullcontext,1
/r/veryspecificcontext,1
/r/verylittlecontext,1
/r/usingrnocontextintherwongcontext,1
/r/usingmemesoutofcontext,1
/r/usernamereferencinganappropriatebandgiventhecontextoftheparentcomment,1
/r/upvotedbecausecontext,1
/r/unneededcontext,1
/r/universallyapplicablecontext,1
/r/unexpectedexclamationafteranumberbeinginterpretedasafactorialeventhoughcontextindicatesotherwise,1
/r/unevenwithoutnocontext,1
/r/uncontexted,1
/r/uncontext,1
/r/umcontext,1
/r/ucontext,1
/r/ucanthandlethecontext,1
/r/twothirdscontext,1
/r/touhounocontext,1
/r/touhoucontext,1
/r/totallynotincontext,1
/r/totallyexpectednocontext,1
/r/toolittlecontext,1
/r/tohellwithyourcontext,1
/r/toecontext,1
/r/tldrnocontext,1
/r/titleswithoutcontext,1
/r/titleoutofcontext,1
/r/titlegivescontext,1
/r/thiswouldbefunnyoutofcontext,1
/r/thiswouldbefunnyevenwithcontext,1
/r/thiswassurprisinglyoriginalcontext,1
/r/thisneedscontext,1
/r/thisisrjontroncontextisntneeded,1
/r/thisdoesnthavetobeareplytoeverynocontextcommentforfuckssake,1
/r/thisactuallyhascontext,1
/r/thingswithoutcontext,1
/r/theyretiredthemonstercontext,1
/r/theymemedthedadcontexts,1
/r/theyevendidthecontext,1
/r/theydidthenocontextmath,1
/r/theydidthemonsternocontext,1
/r/theydidthemonstercockcontextthatyoucanthandle,1
/r/theydidthedadcontextashashtags,1
/r/theydidthecontextualmath,1
/r/theydidthecontextmonster,1
/r/theydidthecontextmath,1
/r/theusernameisthecontext,1
/r/therightamountofcontext,1
/r/theresthecontext,1
/r/theresplentyofcontextintheanswersonocontextdoesntapply,1
/r/theresalittlebitcontext,1
/r/thereliterallyisntanycontext,1
/r/thereissomecontext,1
/r/thereisntcontext,1
/r/thereisnotanycontextforthisquote,1
/r/thereisnorightcontext,1
/r/thereisnopossiblecontextrunyoufools,1
/r/thereisnocontextthatcanhelphere,1
/r/thereislotsofcontextyoumoron,1
/r/therearesomepeoplewhodontlikeitwhenpeoplelinktoevenwithcontextafternocontextbutiamnotoneofthosepeopleidontreallycare,1
/r/theoriginalphrasehadnocontext,1
/r/thenyeahsurecontext,1
/r/thejokeisthecontext,1
/r/thefuckiscontext,1
/r/thefuckeveniscontext,1
/r/thefatherofcontextpulledout,1
/r/thecontextwasnotprovided,1
/r/thecontextwasadequate,1
/r/thecontextmayormaynotbethereimeanwhoknows,1
/r/thecontextmakesitworse,1
/r/thecontextmakesitubderstandable,1
/r/thecontextmakesitbetter,1
/r/thecontextisworse,1
/r/thecontextisobviouslybuttstuff,1
/r/thecontextisobvious,1
/r/thecontextisinthevideo,1
/r/thecontextisimportantbutnotnecessaryforenjoyingthiscomment,1
/r/thecontextisactuallyclearfromthepostwhichiswhyitisfunnyevenwithoutcontext,1
/r/thecontextdoesntsupermatter,1
/r/thecontextdoesntmatterbecausethecommemtisfunnywithorwithout,1
/r/thecommentdosntreallyneedcontextbecauseitsfunnywithorwithoutit,1
/r/thatwasthecontext,1
/r/thatwasntreallycontext,1
/r/thatwasactuallyincontext,1
/r/thatsthewholecontext,1
/r/thatsthepointofrslashnocontext,1
/r/thatsnotwhatnocontextisforyoumoron,1
/r/thatsnotthepointofthenocontextsubreddit,1
/r/thatnocontexthappened,1
/r/thatistheentirecontext,1
/r/thathadcompletecontext,1
/r/thatcontextthough,1
/r/thatactuallyhadcontext,1
/r/thankyouforcapitalizingeachwordnormallyitbugsmebutinthiscontextitmadeiteasiertoread,1
/r/tf2outofcontext,1
/r/techsupportnocontext,1
/r/tearquotesfromcontext,1
/r/tcontext,1
/r/taleswithoutcontext,1
/r/takenwayoutofcontext,1
/r/suchcontext,1
/r/subtextsincontext,1
/r/subliminalcontext,1
/r/subdedicatedtoputtingthingsbackintocontext,1
/r/struggleswithcontext,1
/r/stopwithcontext,1
/r/stoppagingthissubredditwhensomeonesaysnocontext,1
/r/stillwithoutcontext,1
/r/stillwithcontexttho,1
/r/stillweirdwithpropercontext,1
/r/stillweirdevenwithcontext,1
/r/stillfunnyeventhoughcontextgotdeleted,1
/r/stillbadincontext,1
/r/stillanawesomestatementwithcontext,1
/r/stevenwithcontext,1
/r/stevenuniversescreenshotsoutofcontexts,1
/r/statisticswithoutcontext,1
/r/starboundnocontext,1
/r/specificallywithcontext,1
/r/speakingofasubjectwhichisgenerallyknownascontextisusedintheenglishlanguagewhoseprimarygoalistoallowthelistenertodeterminethemeaningofthesentenceorphrasehoweversometimesapasserbywillpickupononlypartofthesentenceorphrasewhichcansometimessoundstrangebecausethecontextismissingandisthereforoutofcontextornocontext,1
/r/southparkcontext,1
/r/sortofkindanocontext,1
/r/sortacontext,1
/r/sometimesevenwithcontext,1
/r/somethingsomethingnocontext,1
/r/somethingslmethingwithcontext,1
/r/somethingaboutcontext,1
/r/somekindofcontext,1
/r/somehowworsewithcontext,1
/r/somecontextwouldbenice,1
/r/soccernocontext,1
/r/slightlyoutofcontext,1
/r/skyrimnocontext,1
/r/sinecontextus,1
/r/siivagunnerwithoutcontext,1
/r/shittiestnocontextever,1
/r/shitthatisactuallyajokeandtakenoutofcontext,1
/r/shitpostevenwithcontext,1
/r/shitnocontextsays,1
/r/shitnocontextinactionsays,1
/r/shitmycontextfellout,1
/r/sexycontext,1
/r/sexwithcontext,1
/r/sexcontext,1
/r/sentenceswhichtakeonawholedifferentcontextifyoucapitalizeoneletter,1
/r/schroedingerscontext,1
/r/saynotocontext,1
/r/sadnocontext,1
/r/ronocontext,1
/r/rnbacontext,1
/r/ripcontext,1
/r/revenwithcontext,1
/r/retirednocontext,1
/r/retiredcontext,1
/r/replyingwithasubredditthathasnocontexttowhatwassaid,1
/r/removedcontext,1
/r/removalofcontext,1
/r/regardlessofcontextiwannaknow,1
/r/regardlessofcontext,1
/r/referenceshavecontext,1
/r/redditoutofcontext,1
/r/redditlovespeadophilejokesisthecontext,1
/r/reasonablecontext,1
/r/reasonableamountofcontext,1
/r/reallytremendouscontextpeoplecomeuptomeallthetimeandtellmeihavethebestcontext,1
/r/readthecontext,1
/r/readingcomprehensionproblemsandcontextclues,1
/r/rapeynocontext,1
/r/randomcontext,1
/r/ragingcontext,1
/r/racistwithoutcontext,1
/r/racistnocontext,1
/r/quotinghistoryoutofcontext,1
/r/quoteswithoutcontext,1
/r/quotesoutofcontextiwishicouldsendbackintimejustforshiggles,1
/r/quotesoutofcontext,1
/r/quotesincontext,1
/r/putyourcontextupmyarse,1
/r/pussywithcontext,1
/r/programminglanguageadvocacynocontext,1
/r/probablystillweirdevenwithcontext,1
/r/primewithcontext,1
/r/prettyobviouscontext,1
/r/prettyfuckingweirdincontext,1
/r/pornocontext,1
/r/poetrywithoutcontext,1
/r/plentyofcontextactually,1
/r/pleasenocontext,1
/r/pleasegodnocontext,1
/r/plausiblecontext,1
/r/pintsizecontext,1
/r/pikaoutofcontext,1
/r/pictureswithoutcontext,1
/r/picswithnocontext,1
/r/persona5outofcontext,1
/r/perfectcontext,1
/r/papyruscontext,1
/r/owencontext,1
/r/outsidetheunderstandingofthecontextofawellorchestratedandrenownedmeme,1
/r/outoflolcontext,1
/r/outofcontextspongebob,1
/r/outofcontextposthistorytrolling,1
/r/outofcontextpedo,1
/r/outofcontextmemes,1
/r/outofcontextjojo,1
/r/outofcontextisaac,1
/r/outofcontextingressquotes,1
/r/outofcontextgifs,1
/r/outofcontextcooking,1
/r/outofcontextbutwillfapanyway,1
/r/outofcontextboners,1
/r/outofcontextbadluckbrian,1
/r/optionalcontext,1
/r/ookzondercontextgeenverwarring,1
/r/onsecondthoughtidontwantcontext,1
/r/onlywithnocontext,1
/r/onlyincontext,1
/r/onlyalittlebitofcontext,1
/r/ommitedcontext,1
/r/okummmyeahstillnocontext,1
/r/okmaybealittlecontext,1
/r/okayfineiguessitdoeskindamakesenseincontextbutitsstillreallyfuckingwierd,1
/r/ohyescontext,1
/r/ohtherewascontextalright,1
/r/ohnocontext,1
/r/ohgodthecontext,1
/r/ofcoursethingslookstupidwithoutcontext,1
/r/ocontext,1
/r/obviouscontext,1
/r/noxcontext,1
/r/nowherenearenoughcontext,1
/r/noveltytshirtsrecontextualizedasredditcomments,1
/r/nounexpectedcontext,1
/r/notwithoutcontext,1
/r/notthecontextthatbends,1
/r/notsurethecontexthelps,1
/r/notreallyincontext,1
/r/notoddwithcontext,1
/r/notnocontext,1
/r/notincontext,1
/r/nothingevercontext,1
/r/notherewascontext,1
/r/nothereiscontext,1
/r/nothecontextexplainsit,1
/r/notfunnywithorwithoutcontext,1
/r/noteveryoneknowsthesubandmaybetheywouldliketobeintroducedoratleasthavesomecontext,1
/r/notevennotwithoutcontext,1
/r/notbetterincontext,1
/r/notallcontext,1
/r/nosecontext,1
/r/norocontext,1
/r/nopossiblecontext,1
/r/nopatiencefornocontext,1
/r/nonotwithcontext,1
/r/nonotevenwithcontext,1
/r/nonoscrewthecontext,1
/r/nonononocontext,1
/r/nonocontext,1
/r/nonexistentcontext,1
/r/noncontexte,1
/r/nomlpcontext,1
/r/noitworksinthecontext,1
/r/noevenwithcontext,1
/r/nodadcontextjokes,1
/r/nocontextxennyquotes,1
/r/nocontextxd,1
/r/nocontextwithoutthecontext,1
/r/nocontextwhatsoever,1
/r/nocontextwhatever,1
/r/nocontextvsform,1
/r/nocontextviolence,1
/r/nocontextusedproperly,1
/r/nocontexttogoon,1
/r/nocontexttitlegore,1
/r/nocontextthatinretrospectdidntreallyneedanycontextatallbecauseitactuallymakessensebyitselfsoyeah,1
/r/nocontexttale,1
/r/nocontextsubredditshavecontextiftheyarereferences,1
/r/nocontextstinkyadvice,1
/r/nocontextsgiven,1
/r/nocontexts,1
/r/nocontextrebooted,1
/r/nocontextquagmire,1
/r/nocontextprovided,1
/r/nocontextpotatosalad,1
/r/nocontextposts,1
/r/nocontextporngifs,1
/r/nocontextphotos,1
/r/nocontextphilosoraptor,1
/r/nocontextpenis,1
/r/nocontextpedo,1
/r/nocontextpaulpogba,1
/r/nocontextpatchnotes,1
/r/nocontextordoesitevenifitdidbutitdoesntyouknowcontext,1
/r/nocontextohwaitrightthisisjojo,1
/r/nocontexto,1
/r/nocontextnoproblem,1
/r/nocontextnightmares,1
/r/nocontextnazis,1
/r/nocontextmemes,1
/r/nocontextmakesnosenseisnotfunny,1
/r/nocontextlounge,1
/r/nocontextlookatthefuckingsubreddityouareonandwherehepostedthefuckingpictureaswellashisbuddiesreactionwhichclearlyindicatedthesamefuckinggenerationyoufucktard,1
/r/nocontextlinks,1
/r/nocontextlifeprotips,1
/r/nocontextlgbt,1
/r/nocontextleft,1
/r/nocontextkoeman,1
/r/nocontextknithats,1
/r/nocontextisforthingsthatsoundwierdwithoutcontext,1
/r/nocontextisbeautiful,1
/r/nocontextirl,1
/r/nocontextinaction,1
/r/nocontextifyoueventried,1
/r/nocontexthentai,1
/r/nocontexthashtags,1
/r/nocontextgold,1
/r/nocontextgildings,1
/r/nocontextforyou,1
/r/nocontextfornocontext,1
/r/nocontextformeatleast,1
/r/nocontextforamericans,1
/r/nocontextfaps,1
/r/nocontextfaggot,1
/r/nocontextexistsanymore,1
/r/nocontextexceptponies,1
/r/nocontextexceptnotreally,1
/r/nocontextever,1
/r/nocontextdk,1
/r/nocontextdadjokesthathappened,1
/r/nocontextdadjokesbestof,1
/r/nocontextd,1
/r/nocontextcouldevermakethisok,1
/r/nocontextcontext,1
/r/nocontextcomments,1
/r/nocontextcode,1
/r/nocontextbutwithcontext,1
/r/nocontextbutslightlywithcontext,1
/r/nocontextbutletsgetangryaboutitanyway,1
/r/nocontextbutintheliteralsense,1
/r/nocontextbutinasociallyawkwardway,1
/r/nocontextbutfunny,1
/r/nocontextbrent,1
/r/nocontextbible,1
/r/nocontextbestof,1
/r/nocontextbestcontext,1
/r/nocontextbeavs,1
/r/nocontextansweringmachinemessages,1
/r/nocontextanimalsswimming,1
/r/nocontextandopisasissy,1
/r/nocontextandim14,1
/r/noccontext,1
/r/nobreakingbadcontext,1
/r/noamountofcontextcanredeemthis,1
/r/noactuallyitmakessensewithcontext,1
/r/newcontext,1
/r/nevertellmethecontext,1
/r/neincontext,1
/r/needsmorecontext,1
/r/needcontexts,1
/r/needcontext,1
/r/nbanocontext,1
/r/murderedbycontext,1
/r/mumumumulticontext,1
/r/muchcontext,1
/r/mostlyincontext,1
/r/morethanjustmildlyinterestinguponhearingcontext,1
/r/morecontextplease,1
/r/morecontextneeded,1
/r/morbidnocontext,1
/r/moocontext,1
/r/momcontext,1
/r/moderatlycontext,1
/r/moderatecontext,1
/r/missimsomecontext,1
/r/missedthecontext,1
/r/minimalcontext,1
/r/mildnocontext,1
/r/mildlynocontext,1
/r/maybesomecontext,1
/r/maybeevenwithcontext,1
/r/maybecontext,1
/r/maybealittlecontext,1
/r/maybealittlebitofcontext,1
/r/massaginghercontext,1
/r/manycontext,1
/r/makeyourowncontext,1
/r/makessensewithcontextthough,1
/r/makessenseincontextuponreconsideration,1
/r/lovingcontext,1
/r/lookingforcontext,1
/r/lmaoevenwithcontextamiright,1
/r/littlebitofcontext,1
/r/litterallynocontext,1
/r/literallynocontexthahah,1
/r/literallyincontext,1
/r/literallycontextmoron,1
/r/literallycantevenwithcontext,1
/r/lewrongcontext,1
/r/letsmakeupsomecontext,1
/r/lessthansufficientcontext,1
/r/lessercontext,1
/r/lesscontext,1
/r/legocontext,1
/r/leavecontextalone,1
/r/learntoreadcontextclues,1
/r/lackingincontext,1
/r/lackingcontext,1
/r/lackinganyevidenceofthecontextualvariety,1
/r/knewcontext,1
/r/kindofwithcontext,1
/r/kindawithcontext,1
/r/kindanocontext,1
/r/khnocontext,1
/r/keincontext,1
/r/kcontext,1
/r/justcryingbecauseofcontext,1
/r/justanythingsexualandgrossoutofcontextreally,1
/r/justabitwithcontexttoo,1
/r/judgementalcontext,1
/r/japanesenocontext,1
/r/iwishnocontext,1
/r/iwantcontext,1
/r/itwouldlosecontextotherwise,1
/r/itwasanocontextgraveyarddadjokegraph,1
/r/itwasanocontextdadjoke,1
/r/itwasagraveyardevenwithdadjokescontext,1
/r/itwasagraveyardcontextthingallhailsatanthingsjonsnowknows,1
/r/itwasacontextsmash,1
/r/itsworseincontext,1
/r/itstrueinthiscontext,1
/r/itstillkindaworkswithoutcontext,1
/r/itsthecontextthatsfuckedup,1
/r/itseemstobemissingcontext,1
/r/itsambiguousastowhetherthereiscontextornot,1
/r/itmakessenseifyouhavethecontext,1
/r/itmakesperfectsensewithoutcontext,1
/r/itmakescompletesensewithcontext,1
/r/itisgoingtohavetremendouscontext,1
/r/itisfunnierwithcontext,1
/r/itactuallymakesperfectsenseintheoriginalcontext,1
/r/iswearifsomeonesaysevenwithcontext,1
/r/irrelevantnocontextclaims,1
/r/irrelevantnocontextclaim,1
/r/irlnocontext,1
/r/inthiscontext,1
/r/intentionallynocontext,1
/r/ineverycontext,1
/r/inappropriatenomatterthecontext,1
/r/inanycontext,1
/r/imjohnnyknoxvillewelcometonocontext,1
/r/imgoingtonocontextforthis,1
/r/imgoingtohellforthisnocontext,1
/r/imgoingdadcontextbestof,1
/r/imeantherewassomecontextconsideringthetitleofthethreadbutitwasabitofaweirdthingtosaywithnoclarification,1
/r/imdumbandthisisnocontext,1
/r/imchrishansenandthisisevenwithcontext,1
/r/imakemyowncontext,1
/r/im22andsincethiswasusedintherightcontextistillfounditfunny,1
/r/im14andthisisnodadwithcontext,1
/r/im14andthisisnocontextdadjokes,1
/r/im14andthisisdadnocontexts,1
/r/im14andthisisdadjokeswithcontext,1
/r/im13andthisisnocontext,1
/r/illfuckingnocontextyouinaminutecheekycunt,1
/r/ilikethecontext,1
/r/iknowtheentirecontextfromeonepic,1
/r/ihavethebestcontext,1
/r/ifonlyyouknewthecontext,1
/r/idsayevenwithcontextjustbecausethatsthememebutidontfinditfunnyandinthiscaseitdoesmakesensewithcontext,1
/r/idroppedmycontextoverthere,1
/r/idontwanttoknowthecontext,1
/r/idontwantcontext,1
/r/idontunderstandcontext,1
/r/idontknowcontext,1
/r/idontgotnocontext,1
/r/idontevenwantcontext,1
/r/icearlydontknowwhatnocontextmeans,1
/r/icantseewithoutmycontext,1
/r/icantevencontext,1
/r/icantbelievetheresnocontext,1
/r/icantbelieveitsnotcontext,1
/r/iappreciatethecontextbitch,1
/r/iamanocontext,1
/r/iamadadandthisisabraverycontext,1
/r/iam14withcontext,1
/r/iam14andthisisnocontext,1
/r/hsnocontext,1
/r/howeverwithcontext,1
/r/howcancontextberealifkayfabeisnotreal,1
/r/howaboutiputmycontextupyourarsefgt,1
/r/horsducontexte,1
/r/horscontext,1
/r/horrormovieinanyothercontext,1
/r/honestlyevenwithcontext,1
/r/hoecontext,1
/r/hocontext,1
/r/hockeynocontext,1
/r/hmmmwithoutenoughcontext,1
/r/highcontext,1
/r/hicontextimdad,1
/r/hetookoutthecontextthatsthepoint,1
/r/hentaioutofcontext,1
/r/hentainocontext,1
/r/hegaveamplecontext,1
/r/havinglittleornocontextmakesthisotherwisebenignstatementratherhumorous,1
/r/haveaseatcontext,1
/r/hasperfectcontext,1
/r/hascontextgonetoofar,1
/r/hankhillcontext,1
/r/handlecontextcant,1
/r/hahasuckerswehavecontext,1
/r/hadcontextbutdecidedtoignoreit,1
/r/gtavnocontext,1
/r/goofycommentswithoutcontext,1
/r/gooduntilcontext,1
/r/goodthingtherescontext,1
/r/givemesomefuckingcontext,1
/r/gimmemoarcontext,1
/r/gifswithoutcontext,1
/r/gifswithnocontextatallwtf,1
/r/gifswithnocontext,1
/r/gifsthatstartwithnocontext,1
/r/gifsthatarepostedtofacebookwithoutanycontext,1
/r/getyourhandsoffmycontext,1
/r/gaynocontext,1
/r/gaycontext,1
/r/futurecontext,1
/r/funnynocontext,1
/r/funnyevenwithcontext,1
/r/funnycommentsincontext,1
/r/funniernocontext,1
/r/fuckyouthecontextisreal,1
/r/fucktheguywhosaysevenwithcontext,1
/r/fuckthecontext,1
/r/fuckollynocontext,1
/r/fuckingcontextupinthisbitch,1
/r/fuckcontextclues,1
/r/frenchcontext,1
/r/fractionwithhalfcontext,1
/r/fishingfornocontext,1
/r/firstworldnocontexts,1
/r/firstworldnocontextdadjokes,1
/r/finewithoutcontext,1
/r/finallysomecontext,1
/r/fifthworldnocontext,1
/r/fcontext,1
/r/fanartoutofcontext,1
/r/falloutnocontext,1
/r/failureofcontexttoexist,1
/r/facebookpostswithoutcontext,1
/r/f1withoutcontext,1
/r/expeciallywithcontext,1
/r/excessivecontext,1
/r/exceptwhenitslolicontext,1
/r/exactlywhatitsoundslikewhenremovedfromcontext,1
/r/exactlywhatitsoundslikeincontext,1
/r/evilwithcontext,1
/r/evewithnocontext,1
/r/evenwothcontext,1
/r/evenwithxcontext,1
/r/evenwithuhhlimitedcontext,1
/r/evenwiththetheydidthejesuschristredditcontextmath,1
/r/evenwiththenonexistentcontext,1
/r/evenwiththeitwasagraveyardjesuschristredditcontextmath,1
/r/evenwiththedamncontext,1
/r/evenwithsmurfingcontext,1
/r/evenwithoutnothavingnocontext,1
/r/evenwithoutmonstergraphcontext,1
/r/evenwithoutcontextthatshilarious,1
/r/evenwithnonononocontext,1
/r/evenwithnocontextftfy,1
/r/evenwithnocontextdadjokesim14,1
/r/evenwithmonstercontext,1
/r/evenwithminimalcontext,1
/r/evenwithlecontextxd,1
/r/evenwithincontext,1
/r/evenwithevenwithnocontext,1
/r/evenwithevenwithcontext,1
/r/evenwithebolacontext,1
/r/evenwithdadcontext,1
/r/evenwithcontextyouhaveruinedhumanity,1
/r/evenwithcontextwtf,1
/r/evenwithcontextwouldnotbetheappropriatesubredditsopleasenobodywriteit,1
/r/evenwithcontextwhatinthefuckinghell,1
/r/evenwithcontextwhatareyousayingm911,1
/r/evenwithcontextthough,1
/r/evenwithcontextthing,1
/r/evenwithcontextthereisnocontext,1
/r/evenwithcontextthatmakesperfectsense,1
/r/evenwithcontextlolz,1
/r/evenwithcontextitsstillkindaodd,1
/r/evenwithcontextistilldontunderstand,1
/r/evenwithcontextinevenwithcontext,1
/r/evenwithcontextidontunderstandit,1
/r/evenwithcontextgifs,1
/r/evenwithcontextdoneright,1
/r/evenwithcontextdadjokes,1
/r/evenwithcontextbutnotreally,1
/r/evenwithcontextanime,1
/r/evenwithcontextafaggotisstillafaggot,1
/r/evenwithbettercontext,1
/r/evenwithallthefuckingcontext,1
/r/evenwithallthecontexts,1
/r/evenwithalittlecontext,1
/r/evenwith4chanmetacontext,1
/r/evenwiithcontext,1
/r/evenoutofcontextthisseemslikeaperfectlyreasonablethingtosay,1
/r/evennotwithoutcontext,1
/r/evenmorewithcontext,1
/r/evenlesscontext,1
/r/evenincontextthatstillsoundsprettybadtbqh,1
/r/evenincontextcomics,1
/r/evenifyouaddedficitonalcontext,1
/r/eveniftheappropriatcontextisprovided,1
/r/evendrunkandhighandwithcontext,1
/r/evencontextmakesitweird,1
/r/evenbetterwithcontext,1
/r/evemwithcontext,1
/r/evanwithnocontext,1
/r/esspeciallywithcontext,1
/r/especialmenteconcontexto,1
/r/especiallywiththecontext,1
/r/especiallywithoutcontext,1
/r/especiallynotwithoutcontext,1
/r/error404contextnotfound,1
/r/enoughwiththenocontextspam,1
/r/ehhhevenwithcontextreally,1
/r/eenocontext,1
/r/dontwantcontext,1
/r/dontwannaclickthecontext,1
/r/dontneedcontext,1
/r/dontlookforthecontext,1
/r/dontgivemethecontext,1
/r/dontbeadickcontext,1
/r/dondeestalacontext,1
/r/doesthecontextevenreallymatter,1
/r/doesntreallyneedcontextbecauseitsjustasomewhatfunnyonelinerthatreallycouldbetoldinmanysituations,1
/r/doesntevenneedcontextpmsl,1
/r/doesntevenneedcontext,1
/r/dndnocontext,1
/r/distinguishablelackofcontext,1
/r/disneywithoucontext,1
/r/didntwantthatcontext,1
/r/didntevenhavecontext,1
/r/devoidofanycontextualinformation,1
/r/deliciouswithcontext,1
/r/deletedcontext,1
/r/definitelyjustnocontext,1
/r/deepnocontext,1
/r/deadhorsecontext,1
/r/deadcriminalcontext,1
/r/dbznocontext,1
/r/datalackscontext,1
/r/dataisconfusingwithoutcontext,1
/r/dadhappenedcontext,1
/r/daddidthecontextmath,1
/r/cursewordsusedincontextwheretheyretheirownantonyms,1
/r/cursaderkingscontext,1
/r/crusaderkingsnocontext,1
/r/croatiannocontext,1
/r/crit1kalcontext,1
/r/cringewithcontext,1
/r/crappykarmapostsputineverythreadwheresomeonelinksnocontext,1
/r/crappydesignoutofcontext,1
/r/crappycontext,1
/r/couldnthavenearlyenoughcontext,1
/r/correctwithoutcontext,1
/r/correctcontext,1
/r/contextyoufuckingdipshit,1
/r/contextwontmakeitbetter,1
/r/contextwithcontext,1
/r/contextwenttobuyapackofsmokes,1
/r/contextwasweird,1
/r/contextwasntevenneededtho,1
/r/contextunrelated,1
/r/contextunnecessary,1
/r/contextualregardlessofcontext,1
/r/contextuallyirrelevantgifs,1
/r/contextuallyfluid,1
/r/contextualgif,1
/r/contextualcontexmanship,1
/r/contextthishasnone,1
/r/contextstilldirty,1
/r/contextsnotgiven,1
/r/contextpun,1
/r/contextprovided,1
/r/contextporn,1
/r/contextplease,1
/r/contextpeoplehate,1
/r/contextnotneeded,1
/r/contextnotfoundexception,1
/r/contextnotfound,1
/r/contextnotanissue,1
/r/contextnocontext,1
/r/contextneeded,1
/r/contextnazi,1
/r/contextmakesitweirder,1
/r/contextmakesitbetter,1
/r/contextmakesitbelievablebutitsstillprettybad,1
/r/contextlesscontent,1
/r/contextkilledmyfamily,1
/r/contextjustmadeitworse,1
/r/contextjerk,1
/r/contextisntneccessary,1
/r/contextisnotneccesarybutitsstillokayeitherway,1
/r/contextisnotgiven,1
/r/contextisirrelevent,1
/r/contextisirrelevant,1
/r/contextisforchildren,1
/r/contextisbeautiful,1
/r/contextincomment,1
/r/contextherrightinthepeehole,1
/r/contextgonewild,1
/r/contextgonemissing,1
/r/contextfreesince73,1
/r/contextforpedophiles,1
/r/contextforeverlostintime,1
/r/contexteventuallyprovided,1
/r/contextemporium,1
/r/contextdoesntmatterwithfruitsex,1
/r/contextdoesnthelp,1
/r/contextdoesntexist,1
/r/contextdoesnotmatterinthissituation,1
/r/contextcounts,1
/r/contextcontest,1
/r/contextclueshelp,1
/r/contextclues,1
/r/contextcirclejerk,1
/r/contextcantmeltdankmemes,1
/r/contextcanthelpyounow,1
/r/contextboners,1
/r/completelylackingcontext,1
/r/completelyexpectedonlybecauseofthecontext,1
/r/commentswhichseemludicrousandornonsensicalwithoutanygivencontext,1
/r/commentsthatwouldsoundweirdwithoutthegivencontext,1
/r/commentsthatarefunnywithoutthecontext,1
/r/commentsoutofcontext,1
/r/commentingnocontextwithoutactuallymakinganocontextpost,1
/r/comicbookcontext,1
/r/cokecontext,1
/r/cocontext,1
/r/clevercontextualsubredditneverhappens,1
/r/clearcontext,1
/r/chockfullofcontext,1
/r/cfbnoncontext,1
/r/causetheresnocontext,1
/r/cardinalsnocontext,1
/r/canyourepeatthecontext,1
/r/canthandlethecontext,1
/r/canocontext,1
/r/canihazcontext,1
/r/canadiannocontext,1
/r/butwithcontextitdoessoundreasonable,1
/r/butthereiscontext,1
/r/butstillnocontext,1
/r/butmostlywithoutcontext,1
/r/buthereiscontext,1
/r/buthegavethecontext,1
/r/butevenwithoutcontext,1
/r/butevenmoresowithoutcontext,1
/r/butbetterwithnocontext,1
/r/brodoyouevencontext,1
/r/brocontext,1
/r/britainnocontext,1
/r/bitcoinnocontext,1
/r/biglywithcontext,1
/r/bigcontext,1
/r/biblicalnocontext,1
/r/beyondtherealmofcontextualcircumstance,1
/r/betterwithnocontext,1
/r/bettereveryloopuntilcontext,1
/r/bestofnocontext,1
/r/bestofdadsevenwithcontextjokes,1
/r/bestofdadscontextjokes,1
/r/bestofdadcontext,1
/r/becomeonewithcontext,1
/r/barelyanycontext,1
/r/bannedfromnocontext,1
/r/awesomewithcontext,1
/r/aunconcontexto,1
/r/atleastminemadesensewithingthecontextofthethread,1
/r/atablespoonofcontext,1
/r/askyourmomforcontext,1
/r/asifcontexthelped,1
/r/argentinanocontext,1
/r/anyothercontext,1
/r/anybodyseenmycontext,1
/r/anindeterminateamountofcontext,1
/r/animewithoutcontext,1
/r/animewithcontext,1
/r/animemetacontext,1
/r/animemanganocontext,1
/r/animeexactlythecontext,1
/r/animeandcontext,1
/r/amediocreamountofcontext,1
/r/alotofcontext,1
/r/allthecontextthatsneeded,1
/r/allthecontextandthensome,1
/r/allthatcontext,1
/r/allofthecontextandthensome,1
/r/allofthecontext,1
/r/allcontexts,1
/r/allcontextincluded,1
/r/alittlecontext,1
/r/alittlebitofcontextbutnotenoughtounderstandwhytheysaidthat,1
/r/alittlebitofcontext,1
/r/aintnocontext,1
/r/aintnobodygottimeforcontext,1
/r/additionalcontext,1
/r/addingcontexttothepointiwasmaking,1
/r/addedcontext,1
/r/actuallyworsewiththecontext,1
/r/actuallyverycontextual,1
/r/actuallyusedincontext,1
/r/actuallythecontextiswhatmakesitfunny,1
/r/actuallymakessensewithcontext,1
/r/actuallyiscontext,1
/r/actuallyincontext,1
/r/actuallyheapsofcontext,1
/r/actuallyfinewithcontext,1
/r/actuallybetterwithcontext,1
/r/acontextmash,1
/r/acceptableamountofcontext,1
/r/absolutelyzerocontext,1
/r/absolutelynocontextwhatsoever,1
/r/absolutelynocontext,1
/r/absentcontextofanykind,1
/r/2muchcontext,1
/r/1context4me,1
/r/1800contextyoucanthavemybrandihavespecialeyes,1
sub,tot
