sub,tot
/r/nocontext,72835
/r/thathappened,51975
/r/titlegore,51230
/r/iamverysmart,46245
/r/theydidthemath,33238
/r/cringe,25612
/r/hailcorporate,23211
/r/shitpost,22388
/r/madlads,21082
/r/dadjokes,18986
/r/lewronggeneration,18663
/r/outside,17208
/r/nottheonion,16741
/r/im14andthisisfunny,16722
/r/firstworldanarchists,16598
/r/thatHappened,16196
/r/im14andthisisdeep,15652
/r/evenwithcontext,14691
/r/HailCorporate,14338
/r/shittytumblrgifs,14105
/r/ofcoursethatsathing,13896
/r/shittyaskscience,13378
/r/mildlyinteresting,13178
/r/unexpected,12809
/r/gifsthatendtoosoon,12792
/r/circlejerk,12549
/r/oddlysatisfying,12330
/r/forwardsfromgrandma,12165
/r/nothingeverhappens,11732
/r/jesuschristreddit,11725
/r/retiredgif,11224
/r/cringepics,11206
/r/mildlyinfuriating,10187
/r/funny,10024
/r/meirl,9997
/r/theydidthemonstermath,9551
/r/2meirl4meirl,9009
/r/trees,8668
/r/quityourbullshit,8451
/r/tipofmytongue,7761
/r/aww,7650
/r/onetruegod,7525
/r/conspiracy,7362
/r/humblebrag,7339
/r/totallynotrobots,7288
/r/punchablefaces,7142
/r/woahdude,6823
/r/wholesomememes,6791
/r/justneckbeardthings,6769
/r/imgoingtohellforthis,6569
/r/noisygifs,6506
/r/misleadingthumbnails,6275
/r/beetlejuicing,6262
/r/popping,6242
/r/buildapcforme,6215
/r/showerthoughts,6207
/r/buildapc,6071
/r/confusedboners,5971
/r/iamverybadass,5961
/r/firstworldproblems,5931
/r/karmaconspiracy,5805
/r/gatekeeping,5722
/r/photoshopbattles,5721
/r/MURICA,5598
/r/mildlypenis,5585
/r/Unexpected,5580
/r/crappydesign,5544
/r/KarmaConspiracy,5543
/r/wtf,5385
/r/pcmasterrace,5308
/r/gonewild,5072
/r/trashy,5037
/r/spacedicks,5036
/r/eyebleach,4914
/r/notinteresting,4868
/r/fireteams,4854
/r/Im14andthisisWTF,4780
/r/nosleep,4744
/r/ImGoingToHellForThis,4699
/r/im14andthisiswtf,4655
/r/politics,4622
/r/shittyfoodporn,4547
/r/justiceporn,4487
/r/bestof,4436
/r/subredditsashashtags,4395
/r/niceguys,4265
/r/summerreddit,4250
/r/perfectloops,4197
/r/fellowkids,4133
/r/askscience,4094
/r/bettereveryloop,4057
/r/raisedbynarcissists,4056
/r/techsupport,3990
/r/wheredidthesodago,3972
/r/trypophobia,3951
/r/legaladvice,3948
/r/creepy,3937
/r/itwasagraveyardgraph,3907
/r/childfree,3861
/r/natureismetal,3778
/r/rage,3776
/r/therewasanattempt,3767
/r/watchpeopledie,3689
/r/nonononoyes,3687
/r/bigdickproblems,3676
/r/comedycemetery,3662
/r/botsrights,3642
/r/wincest,3591
/r/atheism,3545
/r/nofap,3542
/r/killthosewhodisagree,3542
/r/threadkillers,3501
/r/ThatHappened,3493
/r/hmmm,3491
/r/holdmybeer,3475
/r/dragonsfuckingcars,3411
/r/CrappyDesign,3404
/r/modeveryone,3377
/r/KenM,3373
/r/nflstreams,3308
/r/thingsforants,3299
/r/keming,3260
/r/Pareidolia,3247
/r/toosoon,3152
/r/OSHA,3137
/r/keto,3082
/r/thisismylifenow,3054
/r/unexpectedfactorial,3040
/r/WTF,2999
/r/floridaman,2977
/r/bandnames,2881
/r/personalfinance,2853
/r/sadcringe,2851
/r/relationships,2836
/r/bodyweightfitness,2829
/r/outoftheloop,2810
/r/ooer,2804
/r/gaming,2782
/r/all,2760
/r/pareidolia,2731
/r/whatisthisthing,2724
/r/ComedyCemetery,2699
/r/unexpectedhogwarts,2698
/r/askreddit,2681
/r/unexpectedjihad,2681
/r/teenagers,2674
/r/montageparodies,2623
/r/whitepeoplegifs,2587
/r/incest,2585
/r/SummerReddit,2572
/r/tumblrinaction,2570
/r/suggestalaptop,2536
/r/dontdeadopeninside,2499
/r/malefashionadvice,2496
/r/adviceanimals,2488
/r/nevertellmetheodds,2471
/r/thalassophobia,2450
/r/asmr,2446
/r/writingprompts,2440
/r/fifthworldproblems,2437
/r/facepalm,2429
/r/swoleacceptance,2429
/r/oldpeoplefacebook,2427
/r/pettyrevenge,2422
/r/softwaregore,2420
/r/rule34,2404
/r/birdswitharms,2395
/r/conspiratard,2382
/r/dataisbeautiful,2374
/r/UNBGBBIIVCHIDCTIICBG,2367
/r/suicidewatch,2356
/r/ConfusedBoners,2351
/r/antijokes,2340
/r/whowouldwin,2318
/r/shittyHDR,2300
/r/blep,2283
/r/youdontsurf,2272
/r/marijuanaenthusiasts,2252
/r/peoplefuckingdying,2235
/r/mallninjashit,2209
/r/dontfuckingsayit,2208
/r/shittylifeprotips,2208
/r/awwwtf,2200
/r/murica,2182
/r/bitchimabus,2179
/r/FloridaMan,2151
/r/thatsthejoke,2145
/r/trashyboners,2117
/r/pocketsand,2114
/r/pussypass,2111
/r/interestingasfuck,2085
/r/AnimalsBeingJerks,2083
/r/vaporents,2078
/r/reactiongifs,2072
/r/FellowKids,2070
/r/BetterEveryLoop,2068
/r/upvotedbecausegirl,2053
/r/blunderyears,2048
/r/coaxedintoasnafu,2044
/r/fatlogic,2001
/r/JusticePorn,1994
/r/ATBGE,1988
/r/theydidthefuckyou,1981
/r/tipofmypenis,1956
/r/hardwareswap,1938
/r/latestagecapitalism,1919
/r/talesfromtechsupport,1918
/r/shittyhdr,1905
/r/terriblefacebookmemes,1901
/r/whatcouldgowrong,1892
/r/gainit,1891
/r/contagiouslaughter,1886
/r/enlightenedbirdmen,1880
/r/LateStageCapitalism,1874
/r/whatsthisbug,1874
/r/AskReddit,1872
/r/shubreddit,1846
/r/fitness,1845
/r/absolutelynotmeirl,1840
/r/youtubehaiku,1820
/r/AdviceAnimals,1809
/r/recruitcs,1804
/r/thanksobama,1802
/r/pics,1795
/r/TumblrInAction,1769
/r/oldschoolcool,1754
/r/pussypassdenied,1754
/r/noshitsherlock,1749
/r/osha,1747
/r/comeonandslam,1740
/r/theredpill,1734
/r/animalsbeingjerks,1731
/r/ContagiousLaughter,1724
/r/techsupportgore,1723
/r/2007scape,1712
/r/frugal,1708
/r/summonerschool,1686
/r/delusionalartists,1676
/r/shutupandtakemymoney,1674
/r/LegalTeensXXX,1670
/r/asablackman,1663
/r/globaloffensivetrade,1652
/r/ANormalDayInRussia,1650
/r/ledootgeneration,1649
/r/tifu,1645
/r/casualiama,1643
/r/ilerminaty,1642
/r/avocadosgonewild,1621
/r/kenm,1619
/r/watchitfortheplot,1612
/r/4chan,1608
/r/shittyrobots,1601
/r/karmacourt,1592
/r/Showerthoughts,1589
/r/beermoney,1581
/r/NoShitSherlock,1575
/r/spiderbro,1564
/r/sex,1562
/r/explainlikeimfive,1561
/r/buttsharpies,1557
/r/mypeopleneedme,1551
/r/koreanadvice,1544
/r/soccerstreams,1542
/r/fatpeoplehate,1537
/r/teamredditteams,1534
/r/shittyadvice,1531
/r/savedyouaclick,1515
/r/shitredditsays,1514
/r/bonehurtingjuice,1506
/r/clopclop,1505
/r/OutOfTheLoop,1503
/r/deadbedrooms,1501
/r/findareddit,1500
/r/seduction,1496
/r/gonemild,1496
/r/whyweretheyfilming,1493
/r/minionhate,1489
/r/itsaunixsystem,1483
/r/unlimitedbreadsticks,1477
/r/jokes,1471
/r/blackmagicfuckery,1465
/r/nbastreams,1462
/r/morbidreality,1461
/r/ShittyLifeProTips,1450
/r/nongolfers,1445
/r/Eyebleach,1442
/r/ttotm,1437
/r/subredditsarehashtags,1436
/r/anormaldayinrussia,1432
/r/notmyjob,1432
/r/frisson,1430
/r/offmychest,1428
/r/PeopleFuckingDying,1428
/r/howtonotgiveafuck,1409
/r/theocho,1408
/r/perfectfit,1408
/r/hedidthemath,1398
/r/facebook,1397
/r/superbowl,1392
/r/indianpeoplefacebook,1386
/r/showerbeer,1379
/r/NoFap,1375
/r/wordavalanches,1365
/r/fatpeoplestories,1360
/r/homeworkhelp,1342
/r/RecruitCS,1331
/r/KarmaCourt,1328
/r/getmotivated,1317
/r/cringeanarchy,1316
/r/oopsdidntmeanto,1314
/r/blackpeopletwitter,1308
/r/prequelmemes,1307
/r/ThanksObama,1306
/r/potatosalad,1303
/r/AccidentalRenaissance,1301
/r/sweatypalms,1300
/r/upliftingnews,1294
/r/ggggg,1284
/r/shittyaskreddit,1283
/r/WritingPrompts,1283
/r/blackfathers,1280
/r/spaceclop,1279
/r/shitamericanssay,1278
/r/TeamRedditTeams,1277
/r/nottimanderic,1270
/r/badhistory,1270
/r/ihavesex,1267
/r/wowthissubexists,1261
/r/nostalgia,1259
/r/tipofmyjoystick,1259
/r/shestillsucking,1258
/r/patientgamers,1250
/r/accidentalrenaissance,1248
/r/LifeProTips,1243
/r/EmpireDidNothingWrong,1239
/r/fiftyfifty,1238
/r/badwomensanatomy,1236
/r/TheyDidTheMonsterMath,1235
/r/simpsonsdidit,1224
/r/NotTimAndEric,1223
/r/likeus,1215
/r/justfuckmyshitup,1209
/r/datgap,1207
/r/streetwear,1205
/r/loseit,1201
/r/restofthefuckingowl,1199
/r/todayilearned,1196
/r/darknetmarkets,1196
/r/titleporn,1190
/r/michaelbaygifs,1189
/r/outrun,1189
/r/dankchristianmemes,1185
/r/boltedontits,1184
/r/lipsthatgrip,1183
/r/lifeprotips,1178
/r/wallstreetbets,1175
/r/fuckolly,1173
/r/swordorsheath,1170
/r/empiredidnothingwrong,1169
/r/juxtaposition,1158
/r/explainlikeimcalvin,1157
/r/SuggestALaptop,1156
/r/retiredgifs,1153
/r/shittybattlestations,1151
/r/nononono,1147
/r/worldnews,1145
/r/ShitAmericansSay,1141
/r/Page3Glamour,1139
/r/retiredusername,1135
/r/holdthemoan,1133
/r/wackytictacs,1133
/r/perfecttiming,1128
/r/boottoobig,1126
/r/mademesmile,1125
/r/pyongyang,1122
/r/animalsbeingbros,1121
/r/uwotm8,1120
/r/shittyreactiongifs,1116
/r/ignorantimgur,1115
/r/abrathatfits,1114
/r/beholdthemasterrace,1108
/r/TitleGore,1103
/r/mechanicalkeyboards,1102
/r/polandball,1100
/r/retiredjpg,1098
/r/WatchItForThePlot,1095
/r/cheeseandricereddit,1090
/r/youseeingthisshit,1090
/r/talesfromretail,1085
/r/snackexchange,1083
/r/microgrowery,1082
/r/nbaww,1081
/r/simps,1078
/r/fiveheads,1077
/r/UpvotedBecauseGirl,1077
/r/ladyboners,1073
/r/picrequests,1070
/r/oldnews,1069
/r/copypasta,1064
/r/funnyandsad,1062
/r/depression,1062
/r/theydidntdothemath,1061
/r/hitmanimals,1057
/r/im14andthisisedgy,1057
/r/redlingerie,1055
/r/OopsDidntMeanTo,1047
/r/leagueoflegends,1045
/r/GetMotivated,1041
/r/expected,1033
/r/battlestations,1032
/r/incels,1031
/r/crazyideas,1031
/r/NoContext,1031
/r/blop,1030
/r/mensrights,1028
/r/britishproblems,1027
/r/ShitRedditSays,1025
/r/weekendgunnit,1016
/r/murderedbywords,1013
/r/im14andthisisWTF,1008
/r/gonewilder,1008
/r/mlbstreams,1006
/r/gifsthatkeepongiving,1002
/r/roastme,1002
/r/thatpeelingfeeling,1001
/r/drunk,995
/r/Iam14andthisisfunny,992
/r/deepintoyoutube,989
/r/pegging,989
/r/ThreadKillers,983
/r/thisismylifemeow,982
/r/subredditsimulator,982
/r/gamingcirclejerk,976
/r/TheRedPill,975
/r/excgarated,971
/r/toomeirlformeirl,971
/r/catsstandingup,970
/r/sexwithdogs,965
/r/foodporn,963
/r/MyPeopleNeedMe,963
/r/awfuleyebrows,963
/r/lifehacks,959
/r/frugaljerk,959
/r/thomasthedankengine,957
/r/thingsjonsnowknows,957
/r/NSFWfashion,953
/r/reallifedoodles,948
/r/learnprogramming,947
/r/theydidthemeth,946
/r/FULLCOMMUNISM,942
/r/boop,940
/r/AsABlackMan,939
/r/LeanneCrow,937
/r/leaves,935
/r/randomactsofpizza,935
/r/WhyWereTheyFilming,935
/r/nhlstreams,932
/r/datbuttfromthefront,931
/r/surrealmemes,927
/r/OldSchoolCool,927
/r/PerfectTiming,926
/r/amibeingdetained,924
/r/moviescirclejerk,923
/r/shittynosleep,922
/r/AnimalsBeingBros,919
/r/cableporn,916
/r/commentgore,913
/r/penmanshipporn,910
/r/wastedgifs,908
/r/classic4chan,903
/r/minecraftsuggestions,902
/r/chargeyourphone,901
/r/creepyPMs,901
/r/insanepeoplefacebook,900
/r/facepalmfacepalms,899
/r/bannedfromclubpenguin,899
/r/soccer,898
/r/tsunderesharks,897
/r/earthporn,897
/r/brokengifs,893
/r/creepypms,893
/r/fucktammy,891
/r/pitchforkemporium,890
/r/childrenfallingover,885
/r/ItWasAGraveyardGraph,883
/r/thebutton,883
/r/glitchinthematrix,878
/r/JesusChristReddit,878
/r/sneks,875
/r/almostperfectloops,875
/r/ghostnipples,871
/r/SuicideWatch,871
/r/humansbeingbros,868
/r/Whatcouldgowrong,867
/r/dataisugly,866
/r/itsjasonbourne,866
/r/friendsafari,864
/r/counting,863
/r/girlsmirin,862
/r/badtattoos,859
/r/bertstrips,858
/r/gamephysics,857
/r/WordAvalanches,855
/r/mcservers,852
/r/carsfuckingdragons,850
/r/instantbarbarians,849
/r/engrish,843
/r/dogswearinghats,839
/r/glorp,836
/r/hittablefaces,834
/r/mildlyvagina,834
/r/askwomen,832
/r/r4r,832
/r/DiWHY,831
/r/powerwashingporn,826
/r/negativewithgold,823
/r/evilbuildings,823
/r/ExplainLikeImCalvin,822
/r/whoadude,815
/r/Iamverysmart,814
/r/alot,814
/r/forearmporn,814
/r/videos,811
/r/cripplingalcoholism,810
/r/skincareaddiction,808
/r/MorbidReality,808
/r/fantasyfootball,808
/r/dankmemes,806
/r/FiftyFifty,806
/r/heistteams,805
/r/Ooer,802
/r/titler,800
/r/pokemontrades,799
/r/pokeporn,798
/r/babyelephantgifs,797
/r/shitcomment,796
/r/confusedboner,795
/r/UpliftingNews,794
/r/KoreanAdvice,793
/r/MadeMeSmile,793
/r/HighQualityGifs,793
/r/fuckyou,789
/r/drunkorakid,787
/r/dota2smut,787
/r/nope,781
/r/awfuleverything,779
/r/emojipasta,777
/r/rarepuppers,776
/r/cummingonfigurines,775
/r/headphones,775
/r/linuxmasterrace,775
/r/supershibe,775
/r/trippinthroughtime,775
/r/amiugly,774
/r/askhistorians,773
/r/everything,772
/r/Bandnames,768
/r/TheyDidTheMath,766
/r/badfaketexts,765
/r/vore,765
/r/birdsbeingdicks,764
/r/blackpeoplegifs,764
/r/fffffffuuuuuuuuuuuu,763
/r/trueblackfathers,763
/r/ladybonersgonecuddly,762
/r/badlinguistics,761
/r/unexpectedthuglife,758
/r/crappyoffbrands,758
/r/GamePhysics,757
/r/holdmyfries,757
/r/misophonia,755
/r/iam14andthisisfunny,752
/r/animalsbeingderps,750
/r/luciddreaming,748
/r/youtubetitties,748
/r/nfl,747
/r/news,746
/r/nonose,746
/r/learnpython,745
/r/wellthatsucks,745
/r/rant,745
/r/foreveralone,744
/r/CringeAnarchy,743
/r/instantregret,742
/r/samplesize,742
/r/deepfriedmemes,742
/r/dgu,741
/r/hiphopheads,739
/r/malehairadvice,737
/r/assholedesign,736
/r/soccercirclejerk,736
/r/fifthworldpics,735
/r/fearme,734
/r/justrolledintotheshop,733
/r/subredditdrama,728
/r/grool,728
/r/maliciouscompliance,727
/r/stoppedworking,727
/r/buildapcsales,725
/r/NotMyJob,723
/r/MurderedByWords,723
/r/techsupportmacgyver,721
/r/wince,720
/r/butterface,720
/r/combinedgifs,720
/r/GlobalOffensiveTrade,719
/r/highqualitygifs,716
/r/switcharoo,715
/r/2meirl42meirl4meirl,715
/r/teefies,714
/r/PenmanshipPorn,713
/r/tall,712
/r/notfunny,712
/r/basicincome,710
/r/fishpost,709
/r/steamgameswap,705
/r/biggerthanyouthought,704
/r/vandwellers,704
/r/TIFU,703
/r/whiteknighting,700
/r/financialindependence,700
/r/androidmasterrace,699
/r/SweatyPalms,699
/r/suspiciousquotes,698
/r/progresspics,697
/r/Fireteams,697
/r/sounding,697
/r/trebuchetmemes,695
/r/PrequelMemes,694
/r/yesyesyesno,693
/r/idiotsfightingthings,691
/r/minimalism,689
/r/stopdrinking,688
/r/unexpectedhamilton,688
/r/Cinemagraphs,688
/r/prematurecelebration,687
/r/IgnorantImgur,686
/r/HeistTeams,683
/r/mildyinteresting,683
/r/doesanybodyelse,682
/r/nbacirclejerk,681
/r/MensRights,680
/r/hawwkey,680
/r/dayzlfg,679
/r/TooMeIrlForMeIrl,678
/r/eatcheapandhealthy,675
/r/autofellatio,675
/r/ooerintensifies,673
/r/themonstermath,672
/r/HomeworkHelp,671
/r/guns,670
/r/cinemagraphs,670
/r/diwhy,670
/r/IAmVerySmart,669
/r/hardbodies,669
/r/AskHistorians,668
/r/poop,667
/r/music,667
/r/peeling,666
/r/thathappend,665
/r/nba,664
/r/3amjokes,664
/r/explainlikeimjive,664
/r/cordcutters,663
/r/buyitforlife,662
/r/CrazyIdeas,661
/r/underbeard,660
/r/solipsism,657
/r/AntiJokes,657
/r/shittycarmods,657
/r/actlikeyoubelong,655
/r/thestopgirl,655
/r/bitcoin,653
/r/PussyPass,652
/r/ayylmao,651
/r/sportsarefun,651
/r/asktrumpsupporters,648
/r/futanari,647
/r/wewantplates,646
/r/DAE,646
/r/subreddithashtags,646
/r/Frisson,645
/r/gonewidl,644
/r/theydidtheshittymath,644
/r/TsundereSharks,643
/r/shittyfantheories,642
/r/MechanicalKeyboards,642
/r/letsnotmeet,641
/r/androidcirclejerk,640
/r/paidforwinrar,639
/r/memeeconomy,639
/r/punny,637
/r/gameswap,637
/r/CatsStandingUp,637
/r/DoesAnybodyElse,636
/r/behindthegifs,635
/r/60fpsporn,634
/r/lounge,632
/r/abandonedporn,630
/r/churning,630
/r/Outside,630
/r/stonerengineering,630
/r/gentlemanboners,630
/r/minecraft,629
/r/jailbreak,628
/r/jailbait,628
/r/awwtf,628
/r/tf2trade,627
/r/assistance,627
/r/nostupidquestions,626
/r/AskTrumpSupporters,625
/r/DIY,623
/r/changemyview,623
/r/whatsthisplant,620
/r/freeuse,619
/r/ChildrenFallingOver,618
/r/gifs,617
/r/lfg,616
/r/hockey,616
/r/gore,613
/r/vexillology,611
/r/fullscorpion,611
/r/fakealbumcovers,610
/r/CuteModeSlutMode,610
/r/translator,609
/r/drugscirclejerk,608
/r/Im14andthisisfunny,608
/r/gonwild,606
/r/NotTheOnion,603
/r/DeepIntoYouTube,602
/r/fuck2016,602
/r/breathinginformation,601
/r/pokemon,601
/r/curledfeetsies,600
/r/shittyama,598
/r/vexillologycirclejerk,594
/r/beards,592
/r/2healthbars,592
/r/onejob,591
/r/ifyoulikeblank,591
/r/NotKenM,590
/r/MemeEconomy,590
/r/wtfdidijustread,589
/r/GirlsMirin,587
/r/forhire,587
/r/dadreflexes,587
/r/jellybeantoes,587
/r/libertarianmeme,586
/r/nononoyes,584
/r/outofcontext,584
/r/ChargeYourPhone,583
/r/startledcats,583
/r/drugs,581
/r/shittingadvice,579
/r/mlem,579
/r/DrunkOrAKid,577
/r/shibe,574
/r/MaliciousCompliance,571
/r/yiff,571
/r/treesgonewild,570
/r/dashcamgifs,570
/r/distension,569
/r/hardcoreaww,568
/r/answers,568
/r/darknetmarketsnoobs,566
/r/thecatdimension,564
/r/traps,564
/r/findaleague,563
/r/realsexyselfies,563
/r/magicskyfairy,562
/r/cutenoobs,562
/r/intrusivethoughts,562
/r/catloaf,561
/r/baseballcirclejerk,561
/r/woosh,560
/r/zoomies,558
/r/forwardsfromhitler,556
/r/myfriendwantstoknow,555
/r/awwnverts,555
/r/movies,554
/r/tuckedinkitties,551
/r/ModelsGoneMild,549
/r/VSModels,549
/r/BlackPeopleTwitter,549
/r/frugalmalefashion,549
/r/eyebombing,548
/r/see,547
/r/stopgirl,547
/r/holdmyjuicebox,547
/r/loadingicon,547
/r/HumansBeingBros,546
/r/imgoingtomiddleschoolforthis,546
/r/whatsinthisthing,544
/r/natureisfuckinglit,542
/r/cscareerquestions,541
/r/todayibullshitted,540
/r/TalesFromRetail,539
/r/ideasfortheadmins,538
/r/self,537
/r/accidentalswastika,537
/r/catpranks,537
/r/casualconversation,535
/r/litecoinmarkets,535
/r/yesyesyesyesno,535
/r/feminism,534
/r/straya,533
/r/prorevenge,533
/r/shittylifehacks,532
/r/shittydarksouls,531
/r/happycrowds,530
/r/SwordOrSheath,530
/r/freebies,530
/r/footballdownload,529
/r/MinionHate,529
/r/latvianjokes,528
/r/im12andthisisfunny,528
/r/tittydrop,528
/r/killthecameraman,527
/r/microsoftsoftwareswap,527
/r/fantheories,527
/r/stopsmoking,526
/r/slowcooking,526
/r/iwantout,526
/r/instantkarma,526
/r/gats,525
/r/nsfw,525
/r/buildmeapc,524
/r/unexpectedoverwatch,523
/r/science,522
/r/mildlyterrifying,520
/r/smoobypost,520
/r/polyamory,520
/r/oddlyterrifying,519
/r/4panelcringe,519
/r/Murica,518
/r/FunnyandSad,518
/r/comedycemetary,517
/r/pawg,516
/r/atbge,515
/r/makeupaddiction,515
/r/CourtnieQuinlan,515
/r/AyyMD,514
/r/delightfullychubby,513
/r/ShowerThoughts,513
/r/ProgrammerHumor,512
/r/holdmycosmo,511
/r/AnimalsBeingDerps,511
/r/WackyTicTacs,508
/r/bearsdoinghumanthings,507
/r/crappymusic,507
/r/nosobstory,507
/r/torpedotits,507
/r/edc,507
/r/WtSSTaDaMiT,506
/r/squaredcircle,505
/r/smallboobs,505
/r/FifthWorldPics,504
/r/NegativeWithGold,504
/r/wildlypenis,504
/r/NothingEverHappens,502
/r/feet,501
/r/ThatPeelingFeeling,501
/r/choosingbeggars,501
/r/listentothis,500
/r/loleventvods,500
/r/Frugal,499
/r/gonewildaudio,497
/r/this,497
/r/royalerecruit,497
/r/facebookwins,495
/r/whowouldcirclejerk,495
/r/ActLikeYouBelong,494
/r/IdiotsFightingThings,494
/r/tf2,494
/r/SabineJemeljanova,494
/r/SpaceClop,493
/r/brushybrushy,492
/r/bigbangcomics,491
/r/hearthstonecirclejerk,491
/r/catsgonewild,490
/r/Pyongyang,490
/r/games,489
/r/forwardsfromreddit,487
/r/japantravel,487
/r/programmerhumor,487
/r/shittykickstarters,486
/r/sexyabortions,484
/r/fakehistoryporn,483
/r/OnStageGW,483
/r/EarthPorn,483
/r/WhatsWrongWithYourDog,481
/r/place,480
/r/shorthairedhotties,480
/r/awww,480
/r/TheStopGirl,479
/r/footbaww,479
/r/dota2pubs,478
/r/f7u12,477
/r/LadyBoners,477
/r/ketogains,477
/r/ayymd,475
/r/pokies,474
/r/RachelCook,473
/r/girlsinyogapants,473
/r/scarybilbo,472
/r/actualconspiracies,472
/r/stanisms,471
/r/LatvianJokes,471
/r/suctiondildos,471
/r/DanielleSellers,471
/r/mildlydisgusting,470
/r/Im14andthisisdeep,469
/r/picsofdeadkids,468
/r/ExpectationVsReality,468
/r/ladybonersgw,468
/r/animalssmiling,467
/r/DeadBedrooms,467
/r/BirdsBeingDicks,466
/r/RocketLeagueExchange,466
/r/FuckTammy,465
/r/woooosh,464
/r/Justfuckmyshitup,464
/r/cutefemalecorpses,464
/r/SuperShibe,463
/r/picturesofiansleeping,463
/r/hiphopimages,463
/r/ClopClop,462
/r/antiantijokes,461
/r/TodayIBullshitted,461
/r/DarkNetMarkets,460
/r/minecraftbuddies,460
/r/EDC,460
/r/gamedeals,460
/r/awwschwitz,458
/r/notkenm,457
/r/SarahChalke,457
/r/pantyselling,456
/r/redditgetsdrawn,455
/r/floof,455
/r/UnexpectedThugLife,453
/r/SubredditSimulator,453
/r/GoneMild,452
/r/BasicIncome,452
/r/beertrade,451
/r/cyberpunk,451
/r/iam14andthisiswtf,451
/r/ButtSharpies,450
/r/philosophy,449
/r/puns,449
/r/Perfectfit,449
/r/sharedota2,448
/r/TIL,448
/r/unexpectedcena,446
/r/advice,445
/r/Cringe,445
/r/trashpandas,444
/r/submechanophobia,444
/r/whatswrongwithyourdog,444
/r/iam14andthisisdeep,444
/r/mildlysatisfying,441
/r/bestoftldr,441
/r/WeWantPlates,441
/r/IWantOut,440
/r/iama,439
/r/stackadvice,439
/r/cfbstreams,438
/r/AbandonedPorn,438
/r/giftcardexchange,437
/r/dogecoin,437
/r/aliensamongus,437
/r/leangains,437
/r/lakelaogai,436
/r/StoppedWorking,436
/r/dota2circlejerk,436
/r/dota2,436
/r/dota2trade,436
/r/lindseypelas,435
/r/movingtojapan,434
/r/tributeme,434
/r/WastedGifs,433
/r/sneakybackgroundfeet,433
/r/investing,433
/r/LucidDreaming,433
/r/shittymapporn,433
/r/learnmath,432
/r/cablefail,432
/r/diy,431
/r/shittytheydidthemath,430
/r/artisanvideos,430
/r/whiskyporn,429
/r/mandelaeffect,429
/r/johncena,429
/r/gggg,428
/r/DevinBrugman,427
/r/gifsthatstarttoolate,427
/r/dota2dadjokes,427
/r/knightsofpineapple,426
/r/bitcoinmarkets,426
/r/no,426
/r/5nafcirclejerk,426
/r/AskWomen,425
/r/highdeas,424
/r/seventhworldproblems,423
/r/mycology,423
/r/illusionporn,422
/r/homenetworking,421
/r/soposts,421
/r/OfCourseThatsAThing,421
/r/oddlyarousing,420
/r/SandersForPresident,420
/r/neckbeardnests,420
/r/nothowdrugswork,419
/r/MLBStreams,418
/r/askphilosophy,418
/r/MandelaEffect,417
/r/noshitouija,417
/r/ifiwonthelottery,416
/r/treessuckingonthings,416
/r/favors,416
/r/bestofTLDR,416
/r/worldbuilding,416
/r/NHLStreams,415
/r/libertarian,414
/r/cosplay,413
/r/bustypetite,412
/r/saplings,411
/r/pimpcats,410
/r/thingscutinhalfporn,410
/r/SubredditDrama,409
/r/mspaintbattles,409
/r/shittygunpictures,408
/r/slightlyunsatisfying,406
/r/VXJunkies,406
/r/socialskills,405
/r/massivetitsnass,405
/r/tiresaretheenemy,404
/r/rawdenim,404
/r/xray,404
/r/StartledCats,404
/r/twoxchromosomes,404
/r/playrust,403
/r/furry,403
/r/wouldyourather,403
/r/MapsWithoutNZ,402
/r/oldbabies,401
/r/FearMe,400
/r/monsterdongs,399
/r/SampleSize,398
/r/mealprepsunday,397
/r/hottiesfortrump,396
/r/onoff,396
/r/hitboxporn,396
/r/smashbros,396
/r/dolan,395
/r/globaloffensive,395
/r/whatstheword,394
/r/picturegame,394
/r/SexyTummies,394
/r/cringeworthy,393
/r/steroids,393
/r/overclocking,392
/r/SadMemesForHipTeens,392
/r/subsarehashbrowns,391
/r/dotamasterrace,391
/r/sandersforpresident,391
/r/Imgoingtohellforthis,390
/r/TheRedFox,390
/r/standupshots,390
/r/mechmarket,389
/r/peoplewithbirdheads,389
/r/youseecomrade,388
/r/RoyaleRecruit,388
/r/Titlegore,387
/r/EatCheapAndHealthy,387
/r/repost,386
/r/whatcarshouldibuy,386
/r/ghettoglamourshots,386
/r/Superbowl,385
/r/gaybros,385
/r/kangabros,385
/r/braveryjerk,384
/r/internetisbeautiful,384
/r/Fiveheads,384
/r/StonerEngineering,383
/r/wholesomeouija,383
/r/Vulva,383
/r/mapporn,382
/r/catbellies,381
/r/quiver,380
/r/fuckingmanly,379
/r/sad,379
/r/meditation,378
/r/grilledcheese,378
/r/ArtisanVideos,378
/r/rocketleaguefriends,377
/r/asoiafcirclejerk,377
/r/randomactsofblowjob,377
/r/laogai,376
/r/TreesSuckingOnThings,376
/r/NamFlashbacks,376
/r/lockpicking,376
/r/selffuck,375
/r/civcirclejerk,375
/r/ThingsCutInHalfPorn,375
/r/lefthanging,375
/r/atethepasta,375
/r/infiniteworldproblems,375
/r/publicfreakout,375
/r/soundsaboutright,375
/r/meanjokes,374
/r/books,374
/r/NoStupidQuestions,373
/r/vaporwave,373
/r/rocketleagueexchange,373
/r/rickandmorty,373
/r/dogemarket,373
/r/adorableporn,373
/r/random,373
/r/birbs,372
/r/ASMR,372
/r/TessaFowler,372
/r/sneakers,372
/r/expectationvsreality,372
/r/sixwordstories,372
/r/redditrequest,371
/r/menkampf,371
/r/UnexpectedHamilton,370
/r/fullmoviesonyoutube,370
/r/botrights,369
/r/makeupfetish,369
/r/Prematurecelebration,368
/r/SexWithDogs,367
/r/circlebroke,366
/r/justlegbeardthings,366
/r/gonecivil,366
/r/gameofthrones,366
/r/gamingsuggestions,365
/r/MellisaClarke,365
/r/DarkNetMarketsNoobs,365
/r/thereifixedit,364
/r/cats,364
/r/fnafcringe,364
/r/metalcore,363
/r/notcirclejerk,362
/r/tippytaps,362
/r/animalswithoutnecks,361
/r/AliensAmongUs,361
/r/longstabbything,361
/r/breedingdittos,361
/r/askwomenadvice,361
/r/redneckengineering,360
/r/autodetailing,360
/r/thishappened,360
/r/mildlydepressing,360
/r/skyrimmods,360
/r/BuyItForLife,358
/r/,358
/r/lastimages,358
/r/whoosh,357
/r/g502masterrace,357
/r/gonewildcurvy,356
/r/oldpeoplereddit,356
/r/bimbofetish,356
/r/firstworldanarchist,355
/r/wtfstockphotos,355
/r/staircasewit,354
/r/motorcycles,354
/r/theratio,354
/r/TwoXChromosomes,354
/r/antibaw,354
/r/2spooky4me,354
/r/lifeofnorman,353
/r/WhatsInThisThing,353
/r/nyxnyxnyx,353
/r/MadLads,353
/r/firstworldconformists,353
/r/195,352
/r/LakeLaogai,352
/r/G502MasterRace,352
/r/metacirclejerk,352
/r/homelab,352
/r/justiceserved,352
/r/im14andthisiscreepy,352
/r/Fitness,352
/r/anime,351
/r/Justrolledintotheshop,351
/r/rule34lol,351
/r/RocketLeagueFriends,350
/r/legaladviceofftopic,350
/r/NatureIsFuckingLit,350
/r/FanTheories,349
/r/Ladybonersgonecuddly,349
/r/RoastMe,349
/r/animesuggest,348
/r/ShittyAskScience,348
/r/wowguilds,348
/r/dreadfort,348
/r/ITSAPRANK,347
/r/shamelessplug,347
/r/EmboldenTheE,347
/r/unexpectedrunescape,347
/r/beatingwomen,347
/r/shittyphotoshop,346
/r/analogygifs,346
/r/ecigclassifieds,346
/r/HFY,345
/r/vegan,345
/r/food,345
/r/mildyinfuriating,345
/r/Fuck2016,344
/r/orgasmcontrol,344
/r/Thathappened,343
/r/Jokes,343
/r/itookapicture,343
/r/CasualConversation,343
/r/rateme,343
/r/antinatalism,343
/r/nflcirclejerk,342
/r/thick,342
/r/mfacirclejerk,342
/r/asstastic,342
/r/ofcoursethatsnotathing,342
/r/leagueofmemes,342
/r/suddenlygay,342
/r/youtubecomments,342
/r/pinsamt,341
/r/subreddithashbrowns,341
/r/totallystraight,341
/r/lerightgeneration,341
/r/DadJokes,340
/r/classicrage,340
/r/spongebros,340
/r/helpmefind,337
/r/edgy,337
/r/ABraThatFits,336
/r/sexsells,336
/r/shitpostemblem,336
/r/WeHaveSeenTheButthole,335
/r/holdmyredbull,335
/r/makinghiphop,335
/r/vxjunkies,335
/r/Assistance,334
/r/evejobs,334
/r/tf2shitposterclub,334
/r/GuysFromBehind,334
/r/fuckchuck,334
/r/trailerparkboys,334
/r/YouSeeComrade,333
/r/repsneakers,333
/r/SneakyBackgroundFeet,332
/r/LegalAdviceUK,332
/r/untrustworthypoptarts,331
/r/watchitforthecat,331
/r/flipping,331
/r/TrumpCriticizesTrump,331
/r/KnightsOfPineapple,330
/r/subredditsashashbrowns,329
/r/shittyshowerthoughts,329
/r/facepalmfacepalm,328
/r/asksciencefiction,328
/r/fifthworldgonewild,328
/r/ElizabethTurner,328
/r/nfffffffluuuuuuuuuuuu,328
/r/ekt,327
/r/pokemongo,327
/r/OneTrueGod,327
/r/sadcomics,327
/r/ChoosingBeggars,327
/r/LearnUselessTalents,326
/r/FoodPorn,326
/r/mildlyamusing,326
/r/toasterrights,325
/r/LipsThatGrip,325
/r/nopoo,324
/r/athiesm,324
/r/SmiteLFM,324
/r/badeconomics,324
/r/especiallywithcontext,323
/r/freekarma,323
/r/mylittlepony,323
/r/mildlydisturbing,323
/r/silkroad,322
/r/shittyfacebookmemes,322
/r/bitchimatrain,322
/r/awesome,321
/r/asoiaf,321
/r/panichistory,320
/r/nootropics,320
/r/oddlyspecific,320
/r/shockwaveporn,320
/r/AndroidMasterRace,320
/r/SquaredCircle,320
/r/CatsAreAssholes,319
/r/woodworking,319
/r/SWARJE,319
/r/emuwarflashbacks,318
/r/REEEEEE,318
/r/shitcosmosays,318
/r/DadReflexes,318
/r/IAmA,317
/r/fuckcoop,317
/r/badtaxidermy,317
/r/dundermifflin,317
/r/historyporn,316
/r/pokemonconspiracies,316
/r/RelevantXKCD,316
/r/badpolitics,316
/r/AnaCheri,315
/r/Blep,315
/r/gonewildstories,315
/r/creepshots,315
/r/mildlycreepy,314
/r/conservative,314
/r/underarms,314
/r/ethiopianfood,313
/r/hockeycirclejerk,313
/r/lowendgaming,313
/r/videosthatendtoosoon,313
/r/consolemasterrace,312
/r/kerbalspaceprogram,312
/r/JustOneBoob,312
/r/gunsforsale,312
/r/irony,312
/r/askcarsales,311
/r/GlobalOffensive,311
/r/HIFW,311
/r/ShittyFanTheories,311
/r/Im14andthisiswtf,310
/r/INGLIN,310
/r/petloss,310
/r/horriblydepressing,309
/r/cuckold,309
/r/niggers,309
/r/StallmanWasRight,309
/r/edmproduction,308
/r/askouija,308
/r/Beetlejuicing,308
/r/gangstaswithwaifus,308
/r/namflashbacks,307
/r/itwasagraveyardsmath,307
/r/tf2memes,307
/r/workgonewild,307
/r/relationshipadvice,307
/r/happy,306
/r/rekt,306
/r/cheatatmathhomework,306
/r/gifextra,306
/r/BollywoodRealism,306
/r/realitydicks,305
/r/civpolitics,305
/r/hipcleavage,305
/r/footballhighlights,304
/r/weeabootales,304
/r/fakeid,304
/r/prettygirlsuglyfaces,304
/r/againstkarmawhores,304
/r/ass,304
/r/doppelbangher,303
/r/chemicalreactiongifs,303
/r/VaporwaveAesthetics,303
/r/TheGuessingGame,303
/r/soylent,302
/r/askmen,302
/r/skyrim,302
/r/starcraft,302
/r/identifythisfont,302
/r/autism,301
/r/squaredcirclejerk,301
/r/painal,301
/r/learnuselesstalents,301
/r/thefappening,301
/r/lightbulb,301
/r/tautology,300
/r/replications,300
/r/homebrewing,300
/r/DDDJDD,299
/r/dogshowerthoughts,299
/r/ForeverAlone,299
/r/audiojerk,298
/r/everyfuckingthread,298
/r/darknetplan,298
/r/feedthebeast,297
/r/whowillbuildtheroads,297
/r/shittyaskhistory,297
/r/RBI,296
/r/PrettyGirlsUglyFaces,296
/r/ElsaHosk,296
/r/TotallyNotRobots,295
/r/tinyanimalsonfingers,295
/r/garlicbreadmemes,295
/r/MariaRyabushkina,295
/r/britishsuccess,295
/r/UnethicalLifeProTips,295
/r/cumsluts,295
/r/ketorecipes,294
/r/Hailcorporate,294
/r/Floridaman,293
/r/daddit,293
/r/assholebehindthong,293
/r/learndota2,293
/r/starterpacks,293
/r/tightdresses,293
/r/getdisciplined,292
/r/milanavayntrub,292
/r/markmywords,292
/r/NormalDayInJapan,292
/r/SubredditsAsHashtags,292
/r/bossfight,292
/r/wehaveseenthebutthole,292
/r/wallpapers,291
/r/wtsstadamit,291
/r/howyoudoin,291
/r/shittyprogramming,290
/r/smalldickproblems,290
/r/AlexisRen,290
/r/tinder,290
/r/OverwatchLFT,289
/r/InternetIsBeautiful,289
/r/SoPosts,289
/r/humorousreviews,288
/r/defaultgems,288
/r/showerorange,288
/r/shittyanimalfacts,287
/r/redpandas,287
/r/smashcirclejerk,287
/r/hfy,287
/r/premed,286
/r/RomeeStrijd,286
/r/gofuckyourself,286
/r/newtothenavy,286
/r/tumblr,286
/r/watches,286
/r/desirepath,286
/r/IASIP,286
/r/elsanna,285
/r/shittyadviceanimals,284
/r/potionseller,284
/r/Ameristralia,284
/r/UnexpectedCena,284
/r/entexchange,284
/r/longdistance,284
/r/griptraining,284
/r/AmandaEliseLee,283
/r/cfb,283
/r/femalefashionadvice,282
/r/badparking,282
/r/bodybuilding,282
/r/riotpls,282
/r/toolate,282
/r/UnnecessaryQuotes,282
/r/breastenvy,282
/r/sixthworldproblems,282
/r/SydneySierota,282
/r/h3h3productions,281
/r/baseball,281
/r/PORTUGALCARALHO,281
/r/riskyclick,281
/r/AskOuija,281
/r/worstof,281
/r/BritishSuccess,281
/r/whatcouldgoright,280
/r/momsspaghetti,280
/r/AskScience,280
/r/cubers,280
/r/CheeseandRiceReddit,280
/r/slygifs,279
/r/unexpectedsabaton,279
/r/redditside,279
/r/morbidlybeautiful,279
/r/smitelfm,279
/r/ProRevenge,279
/r/gilf,278
/r/destinythegame,278
/r/shortscarystories,278
/r/legaladviceuk,278
/r/bigboobproblems,277
/r/android,277
/r/booksuggestions,277
/r/deathprotips,276
/r/vaporwaveaesthetics,276
/r/igtmsft,276
/r/sploot,276
/r/heycarl,276
/r/buttsandbarefeet,276
/r/bollywoodrealism,276
/r/art,275
/r/catslaps,275
/r/snek,275
/r/SCP,275
/r/panoramicsgonewrong,275
/r/Delightfullychubby,275
/r/Gamingcirclejerk,275
/r/battlecars,274
/r/cars,274
/r/OddlyArousing,274
/r/onetruedog,274
/r/momjokes,274
/r/ruinedorgasms,274
/r/shittyideas,274
/r/SilviaCaruso,274
/r/penpals,273
/r/outercourse,273
/r/travel,273
/r/onewordeach,273
/r/hiphopcirclejerk,273
/r/classysexy,272
/r/lostgeneration,272
/r/HaloPlayers,272
/r/offcenterbuttholes,272
/r/fifthworldshibe,272
/r/heavymind,272
/r/tf2fashionadvice,272
/r/gamecollecting,272
/r/shittyscience,271
/r/dae,271
/r/MapPorn,271
/r/tiltshift,271
/r/animeplot,271
/r/CarmellaRose,271
/r/Christianity,270
/r/opiates,270
/r/reportthespammers,270
/r/tanlines,269
/r/mflb,269
/r/palegirls,269
/r/BiggerThanYouThought,269
/r/subaru,269
/r/mapporncirclejerk,268
/r/stoptouchingme,268
/r/dogecoinbeg,267
/r/awesomecarmods,267
/r/bdsm,267
/r/dddjdd,267
/r/shitcrusaderkingssay,267
/r/SkincareAddiction,267
/r/continuityporn,266
/r/unixporn,266
/r/restorethefourth,266
/r/bikesgonewild,266
/r/sneakermarket,266
/r/pictureswithpatrick,266
/r/bestofreports,265
/r/lgbt,265
/r/gundeals,265
/r/itwasadeadhorsebash,265
/r/Expected,265
/r/trueatheism,264
/r/DeepFriedMemes,264
/r/kerning,264
/r/shitstatistssay,264
/r/unexpectedmulaney,264
/r/candidfashionpolice,263
/r/jobs,263
/r/ShitWehraboosSay,263
/r/holdmycatnip,263
/r/ShitCrusaderKingsSay,263
/r/expanddong,263
/r/nietdespeld,262
/r/jontron,262
/r/shitposts,262
/r/PhotoshopRequest,262
/r/enoughsandersspam,262
/r/RandomActsOfPizza,262
/r/runescape,262
/r/whichbike,261
/r/unnecessaryquotes,261
/r/femalepov,261
/r/sloths,260
/r/unethicallifeprotips,260
/r/carporn,260
/r/hybridanimals,260
/r/OddlySatisfying,260
/r/milf,259
/r/gamedevclassifieds,259
/r/holdmyturban,259
/r/chiliadmystery,259
/r/PokePorn,259
/r/blacktears,259
/r/hotwife,259
/r/roadcam,259
/r/battlewagon,258
/r/girlsfinishingthejob,258
/r/unnecessarygif,258
/r/animenocontext,258
/r/phonesarebad,258
/r/AlessandraAmbrosio,258
/r/Punny,258
/r/csgolounge,258
/r/humanporn,257
/r/Jesuschristreddit,257
/r/catsareassholes,257
/r/3dshacks,257
/r/gayforoberyn,257
/r/nonononoyesno,257
/r/mildlystartledcats,256
/r/stolendogbeds,255
/r/DrosteEffect,255
/r/reallywackytictacs,255
/r/fullcommunism,255
/r/HadToHurt,255
/r/loudgifs,254
/r/retiredmemes,254
/r/dolphinconspiracy,254
/r/writing,254
/r/StormfrontorSJW,254
/r/pornfree,254
/r/jesuschristouija,254
/r/tattoos,254
/r/JoeyFisher,253
/r/comedynecromancy,253
/r/cozyplaces,253
/r/gunners,253
/r/exmormon,253
/r/androidthemes,253
/r/EmmaGlover,253
/r/cumhaters,252
/r/breakingbad,252
/r/buttcoin,252
/r/shitwehraboossay,252
/r/dwarffortress,252
/r/WholesomeMemes,252
/r/sysadmin,252
/r/PBSOD,252
/r/badphilosophy,251
/r/hedidthemonstermath,251
/r/maybemaybemaybe,251
/r/corgi,251
/r/upvotegifs,251
/r/ELI5,251
/r/INEEEEDIT,251
/r/FirstWorldAnarchists,251
/r/immobile,251
/r/futurology,251
/r/HipHopImages,251
/r/canada,250
/r/YovannaVentura,250
/r/itwasagraveyardsmash,250
/r/innie,250
/r/fountainpens,250
/r/yes,250
/r/ShitCosmoSays,250
/r/AnnaChristinaSchwartz,249
/r/spacebuckets,249
/r/subredditdramadrama,249
/r/spreading,249
/r/2edgy4me,249
/r/pelfie,249
/r/DunderMifflin,249
/r/socialism,248
/r/homegym,248
/r/doctorwho,248
/r/enoughinternet,248
/r/fantasybooking,248
/r/csgojerk,248
/r/newreddits,248
/r/JohnCena,248
/r/insanecringeposse,248
/r/forhonorrants,248
/r/TumblrCirclejerk,247
/r/catsinsinks,247
/r/softwareswap,247
/r/petitegonewild,247
/r/recursion,246
/r/Sneks,246
/r/peachfuzz,246
/r/kpopfap,246
/r/manga,246
/r/dontlookdown,246
/r/HybridAnimals,245
/r/gaymers,245
/r/whatsinyourcart,245
/r/mapswithoutnz,245
/r/spiders,245
/r/justnomil,245
/r/tendies,245
/r/datahoarder,245
/r/fitmeals,245
/r/roomporn,244
/r/SteamGameSwap,244
/r/JusticeServed,244
/r/scp,244
/r/TodayILearned,243
/r/liberalgunowners,243
/r/eatsandwiches,243
/r/redditwritesseinfeld,243
/r/kachow,243
/r/forwardsfromklandma,243
/r/hittableFaces,242
/r/ToasterRights,242
/r/BarbaraPalvin,242
/r/theydidthemonstermeth,242
/r/thedepthsbelow,242
/r/badlegaladvice,242
/r/Bitcoin,242
/r/FullScorpion,242
/r/clashofclansrecruit,242
/r/hearthstone,241
/r/LetsNotMeet,241
/r/civ,241
/r/ilikthebred,241
/r/gifsound,241
/r/YanetGarcia,241
/r/ragenovels,241
/r/applehelp,241
/r/evememes,240
/r/PCMasterRace,240
/r/whatisthis,240
/r/askshittyscience,240
/r/running,240
/r/RedditWritesSeinfeld,240
/r/bootroom,239
/r/Thisismylifemeow,239
/r/short,239
/r/ameristralia,239
/r/starwarsgifs,239
/r/picsofmenwiththings,239
/r/fallout,239
/r/gamedev,238
/r/eldertrees,238
/r/thatsmyfetish,238
/r/masserect,238
/r/netflixbestof,238
/r/hucow,238
/r/roosterteeth,238
/r/hackintosh,238
/r/bodyperfection,237
/r/gifsthatendtoolate,237
/r/proper,237
/r/amiiboswap,237
/r/blondesinblue,237
/r/educationalgifs,237
/r/wouldnotbang,237
/r/cutelittlefangs,237
/r/apple,236
/r/spaceporn,236
/r/pumparum,236
/r/SubsAreHashBrowns,236
/r/GlitchInTheMatrix,236
/r/Cyberpunk,236
/r/compdota2,236
/r/paydaytheheistonline,236
/r/shinyporn,235
/r/playitagainsam,235
/r/tulpas,235
/r/psychonaut,235
/r/introvert,235
/r/forwardsfromgrandpa,235
/r/KatyaClover,234
/r/osugame,234
/r/magicthecirclejerking,234
/r/burstingout,234
/r/steamcoupons,233
/r/redditisfacebook,233
/r/whataboutsrs,233
/r/NetflixBestOf,233
/r/Fifthworldgonewild,233
/r/KerbalSpaceProgram,233
/r/skyrimdadjokes,233
/r/StopTouchingMe,233
/r/CivPolitics,232
/r/planesgonewild,232
/r/television,232
/r/technology,232
/r/gtaglitches,232
/r/matt,232
/r/dogberg,231
/r/RemyLaCroix,231
/r/shouldibuythisgame,231
/r/hmm,231
/r/kotk,231
/r/bois,230
/r/cirkeltrek,230
/r/SexiestPetites,230
/r/paslegorafi,230
/r/freedesign,230
/r/stunfisk,230
/r/retrofuturism,230
/r/tiodopave,229
/r/dogfort,229
/r/festivalsluts,229
/r/shittytechsupport,229
/r/c25k,229
/r/firstworldanarchy,229
/r/gonewildplus,229
/r/LucieWildeIsRetarded,228
/r/Futurology,228
/r/playdate,228
/r/juicyasians,228
/r/talesofprivilege,227
/r/longboarding,227
/r/evilleagueofevil,227
/r/fuxtaposition,227
/r/haloplayers,227
/r/meta,227
/r/AnimalsWithoutNecks,227
/r/facedownassup,227
/r/pupliftingnews,226
/r/dogswitheyebrows,226
/r/vogonpoetrycircle,226
/r/supermodelcats,226
/r/handholding,226
/r/trackers,226
/r/R6STeams,226
/r/undelete,226
/r/shinypokemon,225
/r/boardgames,225
/r/conspiritard,225
/r/whothefuckup,225
/r/scoreball,224
/r/ZettaiRyouiki,224
/r/WTFgarageSale,224
/r/thriftstorehauls,224
/r/upvotebecausegirl,224
/r/awwducational,223
/r/audiophile,223
/r/blackcats,223
/r/pundertale,223
/r/lolphp,223
/r/ketchuphate,223
/r/drunkencookery,223
/r/AssOnTheGlass,223
/r/realgirls,223
/r/gtavcustoms,223
/r/foxes,223
/r/minecraftcirclejerk,223
/r/vegancirclejerk,223
/r/tubetop,222
/r/calvinandhobbes,222
/r/AskScienceFiction,222
/r/rainmeter,222
/r/community,222
/r/shoplifting,222
/r/MarkMyWords,221
/r/CircLoLjerk,221
/r/GifsThatEndTooSoon,221
/r/csworkshop,220
/r/peoplebeingjerks,220
/r/TF2fashionadvice,220
/r/buffalo,220
/r/MaddenMobileH2H,220
/r/ForwardsFromGrandma,220
/r/nebbyinthebag,220
/r/animalporn,220
/r/crusaderkings,220
/r/protectandserve,219
/r/IAMMLBIGI,219
/r/MildlyStartledCats,219
/r/NotHowDrugsWork,219
/r/foundtheprogrammer,219
/r/Facebook,219
/r/earrumblersassemble,219
/r/greendawn,219
/r/LSD,219
/r/glassheads,218
/r/fuckyouimashark,218
/r/programming,218
/r/bicycling,218
/r/puffies,218
/r/tardtales,218
/r/volleyballgirls,217
/r/communism101,217
/r/shittyearthporn,217
/r/repressedgonewild,217
/r/DIWhy,217
/r/cablegore,217
/r/pooping,217
/r/explainlikedrcox,217
/r/apocalympics2016,216
/r/SuddenlyGay,216
/r/hentai,216
/r/pointlessstories,216
/r/CandidFashionPolice,216
/r/lolstreams,216
/r/unbgbbiivchidctiicbg,216
/r/Minecraft,215
/r/Wellthatsucks,215
/r/shitliberalssay,215
/r/askdocs,215
/r/sexypizza,215
/r/itsaprank,215
/r/wrestlewiththeplot,215
/r/definitelynotmeirl,215
/r/specializedtools,214
/r/paydaycirclejerk,214
/r/discgolf,214
/r/itwasagraveyardmath,214
/r/fastworkers,214
/r/gank,214
/r/9gag,214
/r/MemesIRL,214
/r/patriots,214
/r/recruitCS,214
/r/LeftHanging,214
/r/dogs,214
/r/shittyconspiracy,214
/r/coinbase,213
/r/MGTOW,213
/r/TheHangingBoobs,213
/r/pronebone,213
/r/dumpsterdiving,213
/r/bikinibottomtwitter,213
/r/PublicFreakout,213
/r/lecutinsideman,212
/r/EvilLeagueOfEvil,212
/r/todaysfavoritesong,212
/r/FuckYouImAShark,212
/r/wholesome,212
/r/amish,212
/r/screamingfish,212
/r/paleo,211
/r/damnthatsinteresting,211
/r/reddevils,211
/r/OnOff,211
/r/chemhelp,211
/r/gifsthatstarttoosoon,210
/r/EvenWithContext,210
/r/test,210
/r/porninfifteenseconds,210
/r/retiredmeme,210
/r/stormfrontorsjw,210
/r/wrasslin,210
/r/AntiAntiJokes,210
/r/goodfaketexts,210
/r/reverseanimalrescue,210
/r/DANMAG,209
/r/BitcoinMarkets,209
/r/FuckYou,209
/r/guitarcirclejerk,209
/r/hillaryclinton,209
/r/comedyhomicide,208
/r/fashionreps,208
/r/PaidForWinRAR,208
/r/hownottogiveafuck,208
/r/HelpMeFind,208
/r/historicalwhatif,208
/r/newskaters,208
/r/cospenis,207
/r/butthurt,207
/r/bisonmasterrace,207
/r/abv,207
/r/vinyl,207
/r/4PanelCringe,207
/r/thesuperbowl,207
/r/graffhelp,207
/r/wholesomebpt,207
/r/girlswithneonhair,206
/r/CarlottaChampagne,206
/r/tinytits,206
/r/redditisland,206
/r/chickswearingchucks,206
/r/BitchImATrain,206
/r/cumcoveredfucking,206
/r/Pegging,206
/r/crapperdesign,206
/r/meormyson,206
/r/Dota2Trade,206
/r/hadtohurt,205
/r/slavelabour,205
/r/PastAndPresentPics,205
/r/christianity,205
/r/askashittydoctor,205
/r/trap,205
/r/srs,204
/r/TopMindsOfReddit,204
/r/whatsthisworth,204
/r/riddles,204
/r/sushiabomination,204
/r/diWHY,204
/r/Rule34LoL,204
/r/museumofreddit,204
/r/playrustlfg,203
/r/gamesale,203
/r/asktrp,203
/r/partyparrot,203
/r/feelsofjustice,203
/r/HomeNetworking,202
/r/holdmybeaker,202
/r/steam,202
/r/nsfwfunny,202
/r/millionairemakers,202
/r/pcgaming,202
/r/teslore,201
/r/southpaws,201
/r/mildlyhomestuck,201
/r/shittylegaladvice,201
/r/christiangirls,201
/r/whitepeople,201
/r/twitchplayspokemon,201
/r/badscience,201
/r/circlejerkcopypasta,200
/r/Tiresaretheenemy,200
/r/CalamariRaceTeam,200
/r/calamariraceteam,200
/r/nukedmemes,200
/r/anarchism,200
/r/randnsfw,200
/r/overwatchlft,200
/r/shit,200
/r/penis,200
/r/okcupid,200
/r/reddit,200
/r/samespecies,200
/r/lego,200
/r/pokemongiveaway,199
/r/PanicHistory,199
/r/niceb8m8,199
/r/PlayItAgainSam,198
/r/OpIsAFag,198
/r/csgobetting,198
/r/WowThisSubExists,198
/r/unorthodog,198
/r/WouldYouRather,198
/r/shitduolingosays,198
/r/perfectloop,198
/r/politicaldiscussion,198
/r/custommagic,198
/r/animaltextgifs,197
/r/starwars,197
/r/parenting,197
/r/GameDeals,197
/r/Gonewild,197
/r/shittyrainbow6,197
/r/cfbmemes,197
/r/nyc,197
/r/gardening,197
/r/Badfaketexts,197
/r/goingtohellforthis,196
/r/LaundryDay,196
/r/justoneboob,196
/r/freedonuts,196
/r/firstnamebasis,196
/r/cottontails,196
/r/unclejokes,196
/r/ramen,195
/r/Shitpost,195
/r/cablemanagement,195
/r/uglyduckling,195
/r/stoicism,195
/r/Animesuggest,195
/r/simulated,195
/r/omgbeckylookathiscock,195
/r/hereinmycar,195
/r/irlsmurfing,195
/r/SuperSaiyanGifs,194
/r/unfunny,194
/r/tightsqueeze,194
/r/crazystairs,194
/r/templeofthephil,194
/r/iamgoingtohellforthis,194
/r/EmilyBloom,194
/r/averagebattlestations,194
/r/csshelp,194
/r/excgaration,194
/r/JUSTNOMIL,194
/r/asktransgender,194
/r/fancyfollicles,194
/r/OldNews,194
/r/day9,193
/r/45thworldproblems,193
/r/TitsTouchingTits,193
/r/collapse,193
/r/neutralpolitics,193
/r/sharditkeepit,193
/r/ShittyMapPorn,193
/r/shutthefuckup,193
/r/lootroyale,193
/r/circloljerk,192
/r/UnexpectedHogwarts,192
/r/whalebait,192
/r/humansbeingjerks,192
/r/wow,192
/r/tombstoning,192
/r/TOTALLYNOTROBOTS,192
/r/goodyearwelt,192
/r/dontyouknowwhoiam,192
/r/goatparkour,191
/r/SwiggitySwootyGifs,191
/r/AskElectronics,191
/r/sarcasm,191
/r/whatisthisbug,191
/r/NeckbeardNests,191
/r/gifrequests,191
/r/happygirls,190
/r/coloringcorruptions,190
/r/TheFullBush,190
/r/whenitgoesin,190
/r/uncensorednews,190
/r/suchislifeinmoscow,190
/r/emboldenthee,190
/r/straightgirlsplaying,190
/r/gameideas,190
/r/OneTrueTatsuya,190
/r/haloonline,190
/r/pokeents,190
/r/rbi,190
/r/leotards,190
/r/gaypornhunters,189
/r/kenM,189
/r/nsfwpics,189
/r/delusionalcraigslist,189
/r/nailedit,189
/r/math,189
/r/SAVEBRENDAN,189
/r/castiron,189
/r/reversegif,189
/r/MuseumOfReddit,188
/r/BustyPetite,188
/r/gunsarecool,188
/r/UniformedMen,188
/r/knuckledeepinpublic,188
/r/darksouls3,188
/r/ultrawidemasterrace,188
/r/sbubby,188
/r/japanpics,188
/r/SubredditHashtags,188
/r/HillaryForPrison,188
/r/anticlimax,188
/r/treedibles,188
/r/skookum,188
/r/theydidnotdothemath,188
/r/JennyPoussin,188
/r/boobstrap,187
/r/borderlandsguns,187
/r/shittysteamreviews,187
/r/GirlsHumpingThings,187
/r/taydolfswiftler,187
/r/TrollXChromosomes,187
/r/findapath,187
/r/CatsInSinks,186
/r/iosthemes,186
/r/morbidquestions,186
/r/SabrinaCarpenter,186
/r/DataHoarder,186
/r/Trypophobia,186
/r/dirtypenpals,186
/r/TightsAndTightClothes,186
/r/cfbcirclejerk,186
/r/animalslookingatfood,186
/r/ShittyPhotoshop,186
/r/subredditsarehashbrowns,186
/r/truegaming,186
/r/knives,186
/r/pimpyourmomforkarma,186
/r/monkeypics,185
/r/cattaps,185
/r/malkovich,185
/r/ihatesportsball,185
/r/Awwducational,185
/r/HaloOnline,185
/r/theydidthemathwrong,185
/r/TipOfMyTongue,185
/r/PeopleBeingJerks,185
/r/fuckoff,184
/r/everymanshouldknow,184
/r/manyvids,184
/r/asseffect,184
/r/getdownmrpresident,184
/r/ethtrader,184
/r/breadit,184
/r/spam,184
/r/strobecirclejerk,184
/r/whoahdude,184
/r/SFWPornGifs,184
/r/bleachshirts,184
/r/frission,184
/r/evenwithnocontext,183
/r/talesfromthepizzaguy,183
/r/subtlenudity,183
/r/futurama,183
/r/helgalovekaty,183
/r/DeathProTips,183
/r/mgtow,183
/r/TittyDrop,183
/r/kitchenconfidential,183
/r/curlyhair,183
/r/mindcrackcirclejerk,183
/r/ExpandDong,182
/r/raimimemes,182
/r/alternativeart,182
/r/tinyhouses,182
/r/hitanimals,182
/r/KimKardashianPics,182
/r/feelslikethefirsttime,182
/r/FirstWorldProblems,182
/r/photography,182
/r/chickflixxx,182
/r/wehavetoomanymlpsubs,182
/r/confession,181
/r/exmuslim,181
/r/customhearthstone,181
/r/throatpies,181
/r/stallmanwasright,181
/r/TalesofPrivilege,181
/r/dragonsfuckingdragons,181
/r/help,181
/r/CharlotteMcKinney,181
/r/TreesSuckingAtThings,180
/r/eli5,180
/r/iam14andthisisWTF,180
/r/bigareolas,180
/r/BestOfReports,180
/r/tessafowler,180
/r/HorriblyDepressing,180
/r/niggersrebooted,180
/r/MildlyInteresting,180
/r/toofers,180
/r/sexytummies,179
/r/theoryofreddit,179
/r/starbucks,179
/r/anxiety,179
/r/ifyouhadtopickone,179
/r/gamegrumps,179
/r/notreallyfamous,179
/r/freefolk,179
/r/carav,179
/r/TotallyStraight,179
/r/catsonglass,179
/r/IDontWorkHereLady,179
/r/SUBREDDITNAME,179
/r/AteThePasta,179
/r/askgaybros,179
/r/dirtykikpals,179
/r/overwatchcirclejerk,178
/r/calmhands,178
/r/futurebeats,178
/r/retiredusernames,178
/r/unity3d,178
/r/luciewildeisretarded,178
/r/QuitYourBullshit,178
/r/waxpen,178
/r/notgayporn,178
/r/TheHollyWilloughby,177
/r/accidentalwesanderson,177
/r/communism,177
/r/overwatch,177
/r/pizza,177
/r/pingpong,177
/r/nihilism,177
/r/rocketleague,177
/r/beer,177
/r/asshole,177
/r/motivation,177
/r/NSFWFunny,177
/r/birthcontrol,177
/r/ShittyTumblrGifs,177
/r/storiesaboutkevin,176
/r/badjokes,176
/r/foshelter,176
/r/recruitinghell,176
/r/gaybears,176
/r/FortniteBR,176
/r/WrestleWithThePlot,176
/r/yee,176
/r/skeptic,175
/r/harrypotter,175
/r/ofcoursethisexists,175
/r/retiredjpeg,175
/r/rearpussy,175
/r/inglin,175
/r/thesquadonpoint,175
/r/megalophobia,175
/r/CannotWatchScottsTots,175
/r/PimpYourMomForKarma,174
/r/InterdimensionalCable,174
/r/foreverhomes,174
/r/guro,174
/r/urbanexploration,174
/r/tooktoomuch,174
/r/lsd,174
/r/reallifeshinies,174
/r/dirndls,174
/r/ahegao,174
/r/raiseyourdongers,174
/r/hotchickswithtattoos,174
/r/idontworkherelady,174
/r/annoyedtobenude,174
/r/ack,174
/r/conlangs,174
/r/meninbed,174
/r/braceface,174
/r/1200isplenty,173
/r/asiangirlsbeingcute,173
/r/CanineCosplay,173
/r/webgames,173
/r/knolling,173
/r/vegetarianketo,173
/r/noshit,173
/r/GifSound,173
/r/drosteeffect,173
/r/taylorswiftarmpit,173
/r/SilkRoad,173
/r/bestofnetflix,173
/r/darksouls,173
/r/YUROP,172
/r/nobodyasked,172
/r/shittymath,172
/r/COMPLETEANARCHY,172
/r/MealPrepSunday,172
/r/AskDocs,172
/r/bulbasaurmasterrace,172
/r/cityporn,172
/r/basebaww,172
/r/redneckfixes,172
/r/minecraftseeds,172
/r/comicbooks,172
/r/DaniDaniels,172
/r/ToastersGW,172
/r/mashups,171
/r/ohlympics,171
/r/monkslookingatbeer,171
/r/kreiswichs,171
/r/TumblrAtRest,171
/r/OliviaHolt,171
/r/theworldisflat,171
/r/circojeca,171
/r/Libertarian,171
/r/ScaryBilbo,170
/r/beerwithaview,170
/r/dreamjobs,170
/r/prettygirls,170
/r/shitshitpost,170
/r/GTAorRussia,170
/r/INeedAName,170
/r/malelivingspace,170
/r/sexyfrex,170
/r/giftofgames,170
/r/whowouldgowild,169
/r/wtfart,169
/r/finlandconspiracy,169
/r/TheDepthsBelow,169
/r/atheismrebooted,169
/r/JustHotWomen,169
/r/diepiosuggestions,168
/r/porn,168
/r/h1z1lfg,168
/r/cfnm,168
/r/atheist,168
/r/androidquestions,168
/r/mellisaclarke,168
/r/treessuckingatthings,168
/r/tarantinogifs,168
/r/bestofcollege,168
/r/new,168
/r/AskMen,168
/r/donutsteel,168
/r/headpats,167
/r/oldladiesbakingpies,167
/r/iasip,167
/r/sweden,167
/r/MaitlandWard,167
/r/treecomics,167
/r/amiibo,167
/r/massivecock,167
/r/pizzagate,167
/r/soundslikemusic,167
/r/cocaine,167
/r/MiaSollis,167
/r/college,167
/r/combatfootage,167
/r/whitepeopletwitter,166
/r/hearthstonedadjokes,166
/r/findfashion,166
/r/nicegirls,166
/r/TaydolfSwiftler,166
/r/trollxchromosomes,166
/r/coontown,166
/r/wholesomecomments,166
/r/scholar,166
/r/askvet,165
/r/TheCatTrapIsWorking,165
/r/edmprodcirclejerk,165
/r/wouldtotallyfuck,165
/r/subredditcancer,165
/r/gaygingers,165
/r/FreeKarma,165
/r/bidenbro,165
/r/shouldimod,165
/r/relevantusername,165
/r/boobbounce,165
/r/offbeat,165
/r/slashdiablo,165
/r/CozyPlaces,165
/r/HeyCarl,165
/r/india,165
/r/topmindsofreddit,165
/r/AutoDetailing,165
/r/EnoughLibertarianSpam,165
/r/HistoricalWhatIf,164
/r/retiredsubreddits,164
/r/holofractal,164
/r/mildlyracist,164
/r/heavyseas,164
/r/UnexpectedFactorial,164
/r/nightmarefuel,164
/r/astrophotography,164
/r/Whiskyporn,164
/r/futureworldleaders,164
/r/airsoftmarket,164
/r/gradadmissions,163
/r/til,163
/r/watercooling,163
/r/HumanPorn,163
/r/batman,163
/r/unexpectedjojo,163
/r/fuckmyshitup,163
/r/girlskissing,163
/r/KotakuInAction,163
/r/flashlight,163
/r/degloving,163
/r/KiernanShipka,163
/r/UnresolvedMysteries,163
/r/walmart,163
/r/starcraftcirclejerk,162
/r/hodor,162
/r/mma,162
/r/im12andthisisdeep,162
/r/supremeclothing,162
/r/comics,162
/r/unresolvedmysteries,162
/r/bestofcumsluts,162
/r/crossview,162
/r/theredfox,162
/r/PuppySmiles,162
/r/RosieDanvers,162
/r/MelissaDebling,162
/r/TheRealMisandry,161
/r/happyembarrassedgirls,161
/r/misleadingpuddles,161
/r/masterhacker,161
/r/Braveryjerk,161
/r/Askreddit,161
/r/coffee,161
/r/hspulls,160
/r/DestinyTheGame,160
/r/streetwearstartup,160
/r/csgocritic,160
/r/drugtests,160
/r/fitgirls,160
/r/boredandignored,159
/r/greentext,159
/r/wellworn,159
/r/BotRights,159
/r/darknetmarketnoobs,159
/r/Im14AndThisIsDeep,159
/r/penspinning,159
/r/forgeries,159
/r/WhatAboutSRS,158
/r/somethingimade,158
/r/CanineMajesty,158
/r/ShittyAnimalFacts,158
/r/RetroFuturism,158
/r/siegeteams,158
/r/CFBStreams,158
/r/catastrophicfailure,158
/r/bubbling,158
/r/LilyC,157
/r/FirstWorldConformists,157
/r/retiredpic,157
/r/ShouldIbuythisgame,157
/r/CFB,157
/r/grammar,157
/r/summonsign,157
/r/centuryclub,157
/r/stance,157
/r/hotdogging,157
/r/androiddev,156
/r/Atheism,156
/r/liftingmusic,156
/r/spotted,156
/r/KateeOwen,156
/r/documentaries,156
/r/MakeupAddiction,156
/r/BotsRights,156
/r/realdubstep,155
/r/NichtDerPostillon,155
/r/bestofbronze,155
/r/trapmuzik,155
/r/engineeringporn,155
/r/cannotwatchscottstots,155
/r/sharktits,155
/r/RedditAlternatives,155
/r/gaben,155
/r/Conspiracy,155
/r/piracy,155
/r/creepypasta,155
/r/600euro,155
/r/ambien,155
/r/eve,155
/r/RileyReid,155
/r/wehavetoomanytf2subs,155
/r/wholesomereddit,154
/r/reloading,154
/r/CuteFemaleCorpses,154
/r/waifuism,154
/r/Theydidthemath,154
/r/HistoryPorn,154
/r/HitBoxPorn,154
/r/thegreatproject,154
/r/findthesniper,154
/r/SummonerSchool,154
/r/cooking,154
/r/strugglefucking,154
/r/objects,154
/r/FuckChuck,154
/r/oneliners,154
/r/corporatefacepalm,153
/r/arresteddevelopment,153
/r/EmilyRatajkowski,153
/r/ShittyHDR,153
/r/mechanicadvice,153
/r/gabengonewild,153
/r/ulmgonewild,153
/r/ginger,153
/r/unexpectedrt,153
/r/dayz,153
/r/kotakuinaction,153
/r/gabegonewild,153
/r/fuckslaine,153
/r/disneyvacation,153
/r/bjj,153
/r/OliveGardenConspiracy,153
/r/PointlessStories,152
/r/lolgrindr,152
/r/punchablevoices,152
/r/EmmaWatson,152
/r/ShitLiberalsSay,152
/r/awkwardboners,152
/r/memes,152
/r/HumbleBrag,152
/r/2me4meirl,152
/r/linkfixerbot,152
/r/resumes,152
/r/deadredditors,152
/r/casualama,152
/r/opisafag,152
/r/rugsonly,152
/r/interdimensionalcable,152
/r/treemusic,151
/r/cumonclothes,151
/r/HappyEmbarrassedGirls,151
/r/patriciacaprice,151
/r/CrusaderKings,151
/r/namemytf2item,151
/r/nomorals,151
/r/entrepreneur,151
/r/nononoyesno,151
/r/armedbirds,151
/r/crossfit,151
/r/kappa,151
/r/dickbutt,151
/r/withrice,151
/r/cutelittlebutts,150
/r/poeslawinaction,150
/r/ADHD,150
/r/wholesomeanimemes,150
/r/imverysmart,150
/r/lalist,150
/r/scottishpeopletwitter,150
/r/SlyGifs,150
/r/characterdrawing,150
/r/ropes,150
/r/TrueAtheism,150
/r/space,150
/r/cosmoandwanda,150
/r/pkmntcgtrades,150
/r/insanepeoplereddit,150
/r/history,150
/r/bonsai,150
/r/AccidentalWesAnderson,150
/r/80sfastfood,150
/r/scenesfromahat,150
/r/startrekgifs,150
/r/oculusnsfw,149
/r/comedynecrophilia,149
/r/amisexy,149
/r/DesirePath,149
/r/cosplaygirls,149
/r/theydidthemaths,149
/r/thewalkingdead,149
/r/fortnitebr,149
/r/fantasyhockey,149
/r/monsterhunterclan,149
/r/CatastrophicFailure,149
/r/farpeoplehate,149
/r/Nocontext,149
/r/gay,149
/r/accidentalcomedy,148
/r/depthhub,148
/r/CarAV,148
/r/tailplug,148
/r/ChloeGraceMoretz,148
/r/trumpgret,148
/r/AwesomeCarMods,148
/r/xxfitness,148
/r/peopleofwalmart,148
/r/eyes,148
/r/SubredditDramaDrama,148
/r/smitebug,148
/r/darksouls2,148
/r/3spooky5me,147
/r/urbanhell,147
/r/borrow,147
/r/yester,147
/r/woweconomy,147
/r/Drugs,147
/r/heep,147
/r/CatTaps,147
/r/truetruetf2,147
/r/metal,147
/r/ImgurNSFW,147
/r/unexpectedfuturama,147
/r/PicsOfDeadKids,147
/r/boobs,147
/r/ccw,147
/r/neckbeardrpg,147
/r/solotravel,147
/r/tumblrcirclejerk,147
/r/vickili,147
/r/muglife,147
/r/Polandball,147
/r/abdl,146
/r/AnimeReviews,146
/r/indiegameswap,146
/r/PartyParrot,146
/r/altright,146
/r/ainbow,146
/r/BookNymphs,146
/r/wetmale,146
/r/PKA,146
/r/beerporn,146
/r/cuckquean,146
/r/flexi,146
/r/fierceflow,146
/r/ImageStabilization,146
/r/paranormal,146
/r/wheelchairjimmy,146
/r/LolStreams,146
/r/adrenalineporn,145
/r/icandrawthat,145
/r/misleadingtitles,145
/r/drumkits,145
/r/truereddit,145
/r/mildypenis,145
/r/shittydadreflexes,145
/r/dirtyr4r,145
/r/Alot,145
/r/HSPulls,145
/r/nothing,145
/r/australia,145
/r/iamversmart,145
/r/hotdoglegs,145
/r/exjw,145
/r/conspiracytheories,144
/r/Wrasslin,144
/r/retiredsubreddit,144
/r/patriots2,144
/r/moundofvenus,144
/r/cancer,144
/r/CrapperDesign,144
/r/13or30,144
/r/jigglefuck,144
/r/supersaiyangifs,144
/r/PSNFriends,144
/r/TheSquadOnPoint,144
/r/SocialistRA,144
/r/Heavymind,144
/r/katyaclover,144
/r/shittyaskhistorians,144
/r/hiphop101,144
/r/adporn,144
/r/wearethemusicmakers,143
/r/tgirls,143
/r/bikinibridge,143
/r/redditarmie,143
/r/TaylorSwiftsLegs,143
/r/wigglebutts,143
/r/compDota2,143
/r/transmogrification,143
/r/consentacles,143
/r/ThereWasAnAttempt,143
/r/hometheater,143
/r/unitedkingdom,143
/r/Gore,142
/r/AnimalTextGifs,142
/r/titstouchingtits,142
/r/tumblrgifs,142
/r/thirdworldproblems,142
/r/accidentalracism,142
/r/postnationalist,142
/r/RandomActsOfBlowJob,142
/r/colorizationrequests,142
/r/yourmom,142
/r/contentawarescale,142
/r/animalexpressions,142
/r/KatyaEliseHenry,142
/r/baddragon,141
/r/photoshop,141
/r/pizzadare,141
/r/clickbait,141
/r/dbz,141
/r/deepdream,141
/r/adoptasilver,141
/r/tworedditorsonecup,141
/r/ABoringDystopia,141
/r/thecattrapisworking,141
/r/borednignored,141
/r/engineeringstudents,141
/r/shittybuildapc,141
/r/UnexpectedRT,141
/r/BigShowFanClub,141
/r/LeWrongGeneration,141
/r/passionx,141
/r/flatearth,141
/r/shatter,141
/r/changingrooms,141
/r/stuffoncats,141
/r/thedonald,140
/r/UnexpectedMulaney,140
/r/vgb,140
/r/redpill,140
/r/occult,140
/r/CelebrityArmpits,140
/r/TalesFromThePizzaGuy,140
/r/retrobattlestations,140
/r/JonTron,140
/r/whereisthis,140
/r/catssittingdown,140
/r/hailcorprate,140
/r/EnoughInternet,140
/r/GripTraining,140
/r/silverbugs,139
/r/deaddove,139
/r/TributeMe,139
/r/notKenM,139
/r/gonewildnegev,139
/r/gifsthatendtosoon,139
/r/ofcoursethatexists,139
/r/myevilplan,139
/r/FastWorkers,139
/r/chimichangas,139
/r/preppers,139
/r/needamod,139
/r/Music,139
/r/carsfuckingcars,139
/r/oppression,138
/r/shittymcsuggestions,138
/r/highmileageholes,138
/r/lordosis,138
/r/chicago,138
/r/BdsmNsfw,138
/r/kanye,138
/r/HumansBeingJerks,138
/r/madtekkers,138
/r/ModEveryone,138
/r/JustUnsubbed,138
/r/IAMA,138
/r/noslep,138
/r/wokekids,138
/r/WinStupidPrizes,138
/r/bakchodi,138
/r/OneTrueDiggle,138
/r/wickededge,138
/r/metalmemes,138
/r/HaileeSteinfeld,138
/r/human,138
/r/UnnecessaryCensorship,137
/r/thatsathing,137
/r/dailyprogrammer,137
/r/backdimples,137
/r/military,137
/r/mildlyhorrifying,137
/r/SoundsLikeMusic,137
/r/moviedetails,137
/r/sportsbrasGW,137
/r/whatcarshouldIbuy,137
/r/goGOPgo,137
/r/upvotedbecausegrill,137
/r/watchpeopledieinside,137
/r/ShittyFifthWorldPics,137
/r/JenSelter,136
/r/mindcrack,136
/r/context,136
/r/soundporn,136
/r/emulation,136
/r/dirtysmall,136
/r/blackscienceman,136
/r/askportland,136
/r/devinbrugman,136
/r/notsohumblebrag,136
/r/rainbowbar,136
/r/incel,136
/r/DotA2,136
/r/pcmasterracents,136
/r/Psychonaut,136
/r/linguistics,136
/r/NeutralPolitics,136
/r/JustNeckbeardThings,136
/r/TwoRedditorsOneCup,136
/r/HorseMask,136
/r/usmcboot,136
/r/QuotesPorn,136
/r/guitar,135
/r/afinil,135
/r/trollscience,135
/r/highdogs,135
/r/RoomPorn,135
/r/justunsubbed,135
/r/badeverything,135
/r/jilling,135
/r/thalassaphobia,135
/r/aviation,135
/r/unexpectedrubio,135
/r/shittyquotesporn,135
/r/androidapps,135
/r/VitaSidorkina,135
/r/extremelyinfuriating,135
/r/menshowering,135
/r/deadpets,135
/r/idiotsincars,135
/r/futureschoolshooters,134
/r/MisleadingThumbnails,134
/r/FoxyDi,134
/r/Incels,134
/r/downblouse,134
/r/felching,134
/r/medicaladvice,134
/r/smashedconnections,134
/r/PerfectLoops,134
/r/MildlyInfuriating,134
/r/fuckimold,134
/r/europe,134
/r/MinecraftSuggestions,134
/r/TheLandingStrip,134
/r/reposts,134
/r/shurima,134
/r/swiggityswootygifs,134
/r/LoLeventVoDs,134
/r/TheoryOfReddit,134
/r/smyths,134
/r/KitchenConfidential,133
/r/Phillylist,133
/r/bitcoinmining,133
/r/bakedart,133
/r/catreactiongifs,133
/r/adventuretime,133
/r/2mad4madlads,133
/r/cutemodeslutmode,133
/r/thelastairbender,133
/r/xboxone,133
/r/punchableface,133
/r/quotesporn,133
/r/TravellingNotebook,133
/r/FirstNameBasis,133
/r/unpopularopinion,133
/r/talesfromyourserver,133
/r/AssInThong,133
/r/formula1,133
/r/muscleconfusion,133
/r/socialengineering,133
/r/CatSlaps,133
/r/gwcommentsonearthporn,133
/r/NFL,132
/r/yesterdayoncracked,132
/r/islam,132
/r/Meditation,132
/r/unnecessarycensorship,132
/r/girlspooping,132
/r/DanielleSharp,132
/r/onions,132
/r/DIWHY,132
/r/awwakeup,132
/r/PickAnAndroidForMe,132
/r/monitors,132
/r/enoughlibertarianspam,132
/r/cannabisextracts,132
/r/analink,132
/r/stonerphilosophy,132
/r/thesefuckingaccounts,132
/r/happycryingdads,132
/r/languagelearning,132
/r/GrassrootsSelect,132
/r/puppysmiles,132
/r/GunsAreCool,132
/r/SupermodelCats,132
/r/BikiniBottomTwitter,131
/r/wowthanksimcured,131
/r/nsfw411,131
/r/findaunit,131
/r/FabulousFerds,131
/r/Emuwarflashbacks,131
/r/commercialcuts,131
/r/microdosing,130
/r/ACK,130
/r/hockeybot,130
/r/internetparents,130
/r/needadvice,130
/r/coins,130
/r/learnjapanese,130
/r/suggestapc,130
/r/notheonion,130
/r/emmawatson,130
/r/gaybroscirclejerk,130
/r/drinkingproblems,130
/r/thetruthishere,130
/r/cardsagainsthumanity,130
/r/southpark,130
/r/LeagueOfMemes,130
/r/PoliticalDiscussion,130
/r/huntersbell,130
/r/wholesomemes,129
/r/winstupidprizes,129
/r/homemadexxx,129
/r/twitch,129
/r/steak,129
/r/abcqwerty123,129
/r/chicksfalling,129
/r/shittyaskicefrog,129
/r/ladyladyboners,129
/r/1000thworldproblems,129
/r/TheLastAirbender,129
/r/Dreadfort,129
/r/ConfusedTravolta,129
/r/unexpectedoutcome,129
/r/banana,129
/r/photoshoprequest,129
/r/insaneideas,129
/r/phillylist,129
/r/TechSupport,129
/r/hockeyplayers,129
/r/asianpeoplegifs,129
/r/chickswithguns,129
/r/NigelThornberry,129
/r/SaraJUnderwood,128
/r/tea,128
/r/fifa,128
/r/militarygonewild,128
/r/Circlejerk,128
/r/westwoods,128
/r/IamVerySmart,128
/r/Karmaconspiracy,128
/r/weirdboner,128
/r/iamsosmart,128
/r/daddicks,128
/r/deathcore,128
/r/BacklitBeauty,128
/r/VintageWeddings,128
/r/UnexpectedJihad,128
/r/drunkvapes,128
/r/LeannaDecker,128
/r/GreenDawn,128
/r/suggestmeabook,128
/r/zeos,128
/r/im15andimsomaturenow,128
/r/curlsinthesquatrack,128
/r/fuckingwithnature,128
/r/tldr,127
/r/girlshumpingthings,127
/r/libertyworldproblems,127
/r/BDSMpersonals,127
/r/studentloandefaulters,127
/r/expectedfactorial,127
/r/annakendrick,127
/r/GoneWild,127
/r/radpics,127
/r/awardtravel,127
/r/SushiAbomination,127
/r/Im14AndThisIsFunny,127
/r/Games,127
/r/buildapcproxy,127
/r/onionhate,126
/r/trueoffmychest,126
/r/horsemask,126
/r/anarchy101,126
/r/fullmoviegifs,126
/r/NatureBoys,126
/r/SexyAbortions,126
/r/Glorp,126
/r/lakers,126
/r/lickingdick,126
/r/conspiracygrumps,126
/r/thebrocave,126
/r/GifsThatStartTooLate,126
/r/DragonsFuckingCars,126
/r/EyeBleach,126
/r/halo,125
/r/magictcg,125
/r/toronto,125
/r/threadkiller,125
/r/melts,125
/r/alisonbrie,125
/r/RocketLeague,125
/r/raining,125
/r/paradoxpolitics,125
/r/sorosforprison,125
/r/onlyatheism,125
/r/EAF,125
/r/skinwalkers,125
/r/TheFacebookDelusion,125
/r/unexpectedskyrim,125
/r/youtubesyllables,125
/r/iOSthemes,125
/r/breakingbadcomics,124
/r/petplay,124
/r/firewater,124
/r/linux,124
/r/AlexaCampbell,124
/r/RealLifeShinies,124
/r/efreebies,124
/r/MelisaMendiny,124
/r/purplecoco,124
/r/dayzlol,124
/r/karmastore,124
/r/PropagandaPosters,124
/r/hitlerinsocks,124
/r/brutalism,124
/r/hotelcalifornia,124
/r/Android,124
/r/AwardSpeechEdits,124
/r/owmyballs,124
/r/shouldercats,124
/r/gtadupe,124
/r/mourinhogifs,123
/r/catsvstechnology,123
/r/downvotesreally,123
/r/StillSandersForPres,123
/r/Thalassophobia,123
/r/Tautology,123
/r/tipofmytounge,123
/r/thefacebookdelusion,123
/r/controllablewebcams,123
/r/AlisonBrie,123
/r/fantasybaseball,123
/r/accidjental,123
/r/pjswap,123
/r/Enhancement,123
/r/thingsthatdidnthappen,123
/r/skyrimporn,123
/r/breeding,123
/r/gulag,123
/r/Madlads,123
/r/beardporn,123
/r/randomactsofgaming,122
/r/iwanttoapologize,122
/r/dota2bitching,122
/r/SurprisedDogs,122
/r/lineups,122
/r/shittydesign,122
/r/anal,122
/r/mmamemes,122
/r/shitgonewildsays,122
/r/lactation,122
/r/blackchickswhitedicks,122
/r/downtimebananas,122
/r/TheFappening,122
/r/disneyeyes,122
/r/TeenKasia,122
/r/undertail,122
/r/whiterights,122
/r/MechanicAdvice,122
/r/Zoomies,121
/r/BlueMidterm2018,121
/r/theydidntdothemonstermath,121
/r/StoriesAboutKevin,121
/r/trumpcriticizestrump,121
/r/iamsmart,121
/r/programmingcirclejerk,121
/r/memefood,121
/r/hillaryforprison,121
/r/FUCKBLOAT,121
/r/brogress,121
/r/facesitting,121
/r/truetf2,121
/r/vancouver,121
/r/colorizedhistory,121
/r/forts,121
/r/estimation,121
/r/nugs,121
/r/BreastEnvy,121
/r/thehedgehog,121
/r/OverwatchUniversity,121
/r/StellaMaxwell,121
/r/razorfree,121
/r/succulents,121
/r/CasualIAmA,120
/r/chloegracemoretz,120
/r/gifrecipes,120
/r/AndroidQuestions,120
/r/budgetfood,120
/r/MeanJokes,120
/r/merica,120
/r/tonsilstones,120
/r/functionalprint,120
/r/im13andthisisfunny,120
/r/dirtysnapchat,120
/r/starcitizen,120
/r/BigDickProblems,120
/r/DailyDouble,120
/r/HeavySeas,120
/r/poolboys,120
/r/ashens,120
/r/shittyaskfitness,120
/r/guildrecruitment,120
/r/notmeirl,120
/r/titlepapercut,119
/r/fivehead,119
/r/SCHLAND,119
/r/Dadjokes,119
/r/BlackFathers,119
/r/PublicBoys,119
/r/goforgold,119
/r/warcraftdadjokes,119
/r/nobackspace,119
/r/sweatermeat,119
/r/adhd,119
/r/Tachanka,119
/r/drama,119
/r/ofcourseitsathing,119
/r/DamnThatsTerrifying,119
/r/legacyjailbreak,119
/r/Instantregret,119
/r/UNBG,119
/r/StraightGirlsPlaying,119
/r/dopplebangher,119
/r/nsfwscarves,119
/r/thighdeology,119
/r/de,119
/r/pka,119
/r/arielwinter,118
/r/NHLstreams,118
/r/ShittyEarthPorn,118
/r/ps4,118
/r/CelebrityManAss,118
/r/dangerousdesign,118
/r/glitchart,118
/r/SHHHHHEEEEEEEEIIIITT,118
/r/neoliberal,118
/r/skateboarding,118
/r/GarlicBreadMemes,118
/r/tinfoilhat,118
/r/onepercentproblems,118
/r/russiadenies,118
/r/Innie,118
/r/bullshit,118
/r/creepyasterisks,118
/r/curvy,118
/r/insertions,118
/r/eveporn,118
/r/barkour,118
/r/digitalnomad,118
/r/horsemaskgw,118
/r/ScenesFromAHat,118
/r/necrophilia,118
/r/GTAA,118
/r/bestofworldstar,117
/r/catsinbusinessattire,117
/r/wifesharing,117
/r/showercomebacks,117
/r/neckbeardstories,117
/r/latexcosplay,117
/r/OldLadiesBakingPies,117
/r/makemychoice,117
/r/privacy,117
/r/DogShowerThoughts,117
/r/Fallout,117
/r/aboringdystopia,117
/r/purrito,117
/r/dontholdmybeer,117
/r/hungrybutts,117
/r/FeelsLikeTheFirstTime,117
/r/bearswithbeaks,117
/r/usingsubredditsashashtags,117
/r/redditcasual,117
/r/Brrrrrrrrrrrrrrrrt,117
/r/eu4,117
/r/metaljerk,117
/r/pokemonfusion,117
/r/stopgaming,117
/r/bardmains,116
/r/KagneyLinnKarter,116
/r/OneTrueKlein,116
/r/Catloaf,116
/r/netsec,116
/r/KillThoseWhoDisagree,116
/r/ThriftStoreHauls,116
/r/socialanxiety,116
/r/loomynarty,116
/r/neckbeardRPG,116
/r/itrunsdoom,116
/r/shittyaskflying,116
/r/zerocarb,116
/r/shrooms,116
/r/redditrescueforce,116
/r/underboob,116
/r/Awww,116
/r/thelastofusfactions,116
/r/gregfuckedarock,116
/r/theydidthemonstermash,116
/r/unnecessaryslowmo,116
/r/mowerthoughts,115
/r/whatsthisrock,115
/r/lipbite,115
/r/climbing,115
/r/apathy,115
/r/awoo,115
/r/awwnime,115
/r/TheWayWeWere,115
/r/Aww,115
/r/Miela,115
/r/hapas,115
/r/FreeBoob,115
/r/nhl,115
/r/redditlaqueristas,115
/r/missedconnections,115
/r/FreshTeens,115
/r/shittypokestops,115
/r/nosillysuffix,115
/r/bluemidterm2018,115
/r/respectporn,115
/r/photocritique,115
/r/FuckOlly,115
/r/nsfwcosplay,115
/r/shittypoetry,115
/r/slavsquat,115
/r/sportsbook,115
/r/thinspo,115
/r/xdacirclejerk,115
/r/ScottishPeopleTwitter,114
/r/ultrahardcore,114
/r/beefflaps,114
/r/askashittymechanic,114
/r/screenshots,114
/r/amishadowbanned,114
/r/papgrappen,114
/r/mcstaff,114
/r/StuffOnCats,114
/r/shittytechnicals,114
/r/iamverydumb,114
/r/HotInTheKitchen,114
/r/nigelthornberry,114
/r/crazyhand,114
/r/bdsmcommunity,114
/r/charactercrossovers,114
/r/Anarchy101,114
/r/yogapants,114
/r/CringeWorthy,114
/r/getoffmylawn,114
/r/menincars,114
/r/wholesomeoverwatch,114
/r/DarthJarJar,114
/r/bindingofisaac,113
/r/FreshFromTheShower,113
/r/longlostgamers,113
/r/mycherrycrush,113
/r/paradoxplaza,113
/r/BrentRamboApproves,113
/r/grumpycats,113
/r/mariaryabushkina,113
/r/vinyljerk,113
/r/makeupexchange,113
/r/RuinedOrgasms,113
/r/animalsounds,113
/r/ThisHappened,113
/r/IndustrialWorldPowers,113
/r/ffxivrecruitment,113
/r/armoredwomen,113
/r/airsoft,113
/r/relevantxkcd,113
/r/unnecessaryapostrophe,113
/r/curb,113
/r/barelyinteresting,113
/r/ArianaGrande,113
/r/HayleyMarieCoppin,113
/r/puppybellies,113
/r/feedthebeastservers,113
/r/GiftofGames,113
/r/gunporn,113
/r/mechanicalheadpens,113
/r/jeep,113
/r/mapswithoutNZ,113
/r/RedditLaqueristas,113
/r/shaqholdingthings,113
/r/thinlydisguisedrants,112
/r/ITCareerQuestions,112
/r/NatureIsMetal,112
/r/steamfriend,112
/r/muricansfw,112
/r/iamnotverysmart,112
/r/NBA,112
/r/palatecleanser,112
/r/freeEBOOKS,112
/r/AngieVaronaLegal,112
/r/illuminati,112
/r/NoPoo,112
/r/blowjobsandwich,112
/r/TrueReddit,112
/r/commonsense,112
/r/nbafiftyfifty,112
/r/ChristianGirls,112
/r/shadowban,112
/r/longrange,112
/r/yourtaxdollarsatwork,112
/r/MetalMemes,112
/r/birdsforscale,112
/r/avacadosgonewild,112
/r/mildlywtf,112
/r/gorgeousnudes,112
/r/PhotoshopBattles,112
/r/MakeUpFetish,112
/r/StarcraftCirclejerk,112
/r/gifsthatendedtoosoon,111
/r/buddhism,111
/r/GirlsInMessyRooms,111
/r/AsianHandBras,111
/r/grassrootsselect,111
/r/rct,111
/r/technawwlogy,111
/r/boopablenosies,111
/r/bitcoinbeginners,111
/r/darthjarjar,111
/r/baww,111
/r/GifRecipes,111
/r/girlswithglasses,111
/r/isrconspiracyracist,111
/r/militaryporn,111
/r/AnllelaSagra,111
/r/Iamverybadass,111
/r/wholesomegifs,111
/r/BritishProblems,111
/r/april30th2015,111
/r/circlejerkbreakingbad,111
/r/leagueconnect,111
/r/KristinaMendonca,111
/r/cartalk,111
/r/rachelcook,111
/r/filthypitches,111
/r/GabenGoneWild,111
/r/stims,111
/r/datfeel,111
/r/Canada,110
/r/NiceGuys,110
/r/TinyHouses,110
/r/unacceptable,110
/r/retiredvideos,110
/r/halocirclejerk,110
/r/Vaporwave,110
/r/stonerprotips,110
/r/stonerthoughts,110
/r/AnimalPorn,110
/r/shitredditgilds,110
/r/nightvale,110
/r/berserklejerk,110
/r/mtggore,110
/r/mildlyuninteresting,110
/r/slutsincollege,110
/r/eagles,110
/r/AdrenalinePorn,110
/r/etymology,110
/r/hotdogboy,110
/r/cabalofthebuildsmiths,110
/r/peehole,110
/r/debatereligion,110
/r/uwaterloojerk,110
/r/thehangingboobs,110
/r/squidsgonewild,110
/r/Patriots,110
/r/ukpolitics,110
/r/asiansgonewild,110
/r/InternetStars,110
/r/zen,109
/r/osureport,109
/r/unlikelyfriends,109
/r/unstirredpaint,109
/r/engorgedveinybreasts,109
/r/harlemshake,109
/r/nichtderpostillon,109
/r/greatapes,109
/r/DumpsterDiving,109
/r/poetry,109
/r/aquariums,109
/r/codzombies,109
/r/Tumblrinaction,109
/r/shitpoliticssays,109
/r/lolwat,109
/r/ComedyCemetary,109
/r/NewsOfTheStupid,109
/r/openpv,109
/r/funhaus,109
/r/askredditafterdark,109
/r/itslenny,109
/r/gamesell,109
/r/thatescalatedquickly,109
/r/peegonewild,109
/r/BandNames,109
/r/knifeclub,108
/r/LOLStreams,108
/r/fasting,108
/r/hailcorperate,108
/r/dubstep,108
/r/designporn,108
/r/equelmemes,108
/r/surpriseddogs,108
/r/coilporn,108
/r/WhoWouldWin,108
/r/ANormalDayInAmerica,108
/r/thingsthathappened,108
/r/MuricaNSFW,108
/r/dashcam,108
/r/AnyoneForTennis,108
/r/maddenmobilebuysell,108
/r/Gaben,108
/r/ar15,108
/r/BDSMcommunity,108
/r/PunchableFaces,108
/r/youshouldknow,108
/r/zombiespartyup,108
/r/Overwatch,108
/r/AngieVarona,108
/r/wowraf,108
/r/thedivisionclans,108
/r/ericacampbell,108
/r/aspergers,108
/r/audioengineering,108
/r/CharacterCrossovers,107
/r/RealGirls,107
/r/RaisedByNarcissists,107
/r/economics,107
/r/canesfanfics,107
/r/confessions,107
/r/itcaughtoninaflash,107
/r/floridawoman,107
/r/catsnamedtoothless,107
/r/gametales,107
/r/enoughmuskspam,107
/r/boobies,107
/r/trippingthroughtime,107
/r/warriors,107
/r/gezellig,107
/r/mealtimevideos,107
/r/startrek,107
/r/clubesteban,107
/r/doge,107
/r/mildlyundertale,107
/r/CatsISUOTTATFO,107
/r/insurance,107
/r/canadia,106
/r/animalsjumping,106
/r/metametacirclejerk,106
/r/wediditreddit,106
/r/LongDistance,106
/r/AskShittyScience,106
/r/mmgirls,106
/r/actuallesbians,106
/r/ProgrammerDadJokes,106
/r/kateeowen,106
/r/beercirclejerk,106
/r/Damnthatsinteresting,106
/r/WouldTotallyFuck,106
/r/AsianParentStories,106
/r/Elsanna,106
/r/nbamemes,106
/r/NSFWToys,106
/r/IAmVeryBadass,106
/r/cosplaybutts,106
/r/ladiesinblue,106
/r/d3loot,106
/r/midlyinteresting,106
/r/blurrypicturesofdogs,106
/r/rance,106
/r/wholesomeprequelmemes,106
/r/metacanada,106
/r/Entrepreneur,106
/r/neopets,106
/r/puckstreams,106
/r/randomactsofmuffdive,106
/r/kateupton,106
/r/confusedtravolta,106
/r/whatintarnation,106
/r/SquaredCircleJerk,106
/r/healsluts,106
/r/dealwithit,105
/r/CorporateFacepalm,105
/r/veganfitness,105
/r/cascadia,105
/r/stormfront,105
/r/oilporn,105
/r/bikewrench,105
/r/UnnecessarySloMo,105
/r/Simulated,105
/r/GreatApes,105
/r/girlsinmessyrooms,105
/r/steamtradingcards,105
/r/InitialDvideos,105
/r/misc,105
/r/pickanandroidforme,105
/r/Steam,105
/r/antimeme,105
/r/GaryJohnson,105
/r/traaaaaaannnnnnnnnns,105
/r/D3GC,105
/r/EquestriaGirls,105
/r/catsinpants,105
/r/celebs,105
/r/vita,105
/r/gogopgo,105
/r/DemEyesDoe,105
/r/nomanshigh,105
/r/violentleft,105
/r/UrbanHell,105
/r/tomt,105
/r/crotchgrab,105
/r/coilgore,105
/r/ElleFanning,105
/r/TumblrGifs,105
/r/iamverystrong,105
/r/finlandConspiracy,105
/r/flexibility,104
/r/winterporn,104
/r/holdmyvodka,104
/r/Rule34,104
/r/hatecrimehoaxes,104
/r/scotch,104
/r/SexyButNotPorn,104
/r/vagabond,104
/r/theempiredidnothingwrong,104
/r/abrathatfists,104
/r/ReallyWackyTicTacs,104
/r/tuxedocats,104
/r/theonion,104
/r/weightroom,104
/r/smashconnect,104
/r/gonewildsmiles,104
/r/RedditThroughHistory,104
/r/VolleyballGirls,104
/r/headsupbaseball,104
/r/coolguides,104
/r/Trashy,104
/r/Unorthodog,104
/r/PeytonList,104
/r/AlteaB,104
/r/RitaOra,104
/r/annewinters,104
/r/uncannyvalley,104
/r/throwers,104
/r/asknola,104
/r/badphotoshop,104
/r/tressless,104
/r/cardistry,103
/r/expectedjihad,103
/r/JustStraightSex,103
/r/statuegropers,103
/r/ComposerofWords,103
/r/FuckingWithNature,103
/r/extramile,103
/r/golf,103
/r/BellaThorne,103
/r/palletstorage,103
/r/PerfectFit,103
/r/sc2partners,103
/r/CommercialCuts,103
/r/weedstocks,103
/r/leannadecker,103
/r/sanic,103
/r/destinysherpa,103
/r/swguilds,103
/r/mouthwideopen,103
/r/pic,103
/r/etarded,103
/r/NOWTTYG,103
/r/DepthHub,103
/r/Feminism,103
/r/DJsCirclejerk,103
/r/ShitPoliticsSays,103
/r/LorenaRae,103
/r/deadniggers,103
/r/suicidegirls,103
/r/AdviceAtheists,103
/r/darkjokes,102
/r/OverwatchCirclejerk,102
/r/randomsexiness,102
/r/exposureporn,102
/r/NotFoolingAnybody,102
/r/atheists,102
/r/dreams,102
/r/breakinginthemiddle,102
/r/TalesFromYourServer,102
/r/spideymeme,102
/r/debianinrandomplaces,102
/r/SexyFrex,102
/r/timestop,102
/r/ynab,102
/r/MilitaryConspiracy,102
/r/shittyveganfoodporn,102
/r/WhatCouldGoWrong,102
/r/pareidoliagonewild,102
/r/fuck,102
/r/serialkillers,102
/r/clickholeorbuzzfeed,102
/r/drugmemes,102
/r/CydiaEraser,102
/r/didthemath,102
/r/bestofboobies,102
/r/oversharing,102
/r/Cascadia,102
/r/shorthairchicks,102
/r/newsofthestupid,102
/r/ArcherFX,102
/r/justklaythings,102
/r/mmfb,102
/r/magicdeckbuilding,102
/r/windowshots,101
/r/babyrhinogifs,101
/r/bestiality,101
/r/JenniferLawrence,101
/r/coolstorybro,101
/r/babybigcatgifs,101
/r/imgoingtoheckforthis,101
/r/dnd,101
/r/OpenShirt,101
/r/MildlyPenis,101
/r/sips,101
/r/NoSleep,101
/r/personalfinancecanada,101
/r/opieandanthony,101
/r/beatmatch,101
/r/FFXIVrecruitment,101
/r/OnePieceCircleJerk,101
/r/AMA,101
/r/nonono,101
/r/YvonneStrahovski,101
/r/casualnintendo,101
/r/chairsunderwater,101
/r/onetruetatsuya,101
/r/askelectronics,101
/r/overpopulation,101
/r/totallynotrussians,101
/r/londonandrews,101
/r/ICanDrawThat,101
/r/beastiality,101
/r/photomarket,101
/r/virtualcommunism,101
/r/C25K,101
/r/vertical,101
/r/picturesofyourbrat,101
/r/forcedorgasms,101
/r/PNNBPS,101
/r/tomorrow,101
/r/CucumbersScaringCats,100
/r/bigtitsmallnip,100
/r/BlancNoir,100
/r/european,100
/r/kristenbell,100
/r/pharmercy,100
/r/thread,100
/r/multicopter,100
/r/menslockerroom,100
/r/antijoke,100
/r/askseddit,100
/r/calligraphy,100
/r/ABDL,100
/r/wigglegrams,100
/r/ShittyQuotesPorn,100
/r/GeekyGirls,100
/r/cumagain,100
/r/birdstakingthetrain,100
/r/asianandlovingit,100
/r/MorganHultgren,100
/r/bptcg,100
/r/shittankiessay,100
/r/presenting,100
/r/savebrendan,100
/r/meh,100
/r/homestarrunner,100
/r/ShinyPokemon,100
/r/whywouldyoufuckthat,100
/r/dailydouble,100
/r/animemes,100
/r/Bossfight,100
/r/PatriciaCaprice,100
/r/BeforeNAfterAdoption,100
/r/SRS,100
/r/medicalschool,100
/r/BorednIgnored,99
/r/admincraft,99
/r/sonicshowerthoughts,99
/r/thatsnotathing,99
/r/obscuremedia,99
/r/badmathematics,99
/r/nsfl,99
/r/Trumpgret,99
/r/firefly,99
/r/elsagate,99
/r/WeAreTheMusicMakers,99
/r/MarisaTomei,99
/r/Im14andThisIsWTF,99
/r/passiveaggressive,99
/r/FantasyLCS,99
/r/cringejerk,99
/r/lurkers,99
/r/lol,99
/r/bestofreddit,99
/r/picsofdeadtoasters,99
/r/wet,99
/r/fossworldproblems,99
/r/ofcourseyoudont,99
/r/Favors,99
/r/drag,99
/r/TerribleBookCovers,99
/r/cumbtwntits,99
/r/Politics,98
/r/normaldayinjapan,98
/r/RedditArmie,98
/r/DarwinAwards,98
/r/theydidthescience,98
/r/CenturyClub,98
/r/Documentaries,98
/r/pmsforsale,98
/r/whichggepisode,98
/r/pbsod,98
/r/TrueSTL,98
/r/grandpajoehate,98
/r/ShittyTechSupport,98
/r/weddingsgonewild,98
/r/malebiceps,98
/r/PareidoliaGoneWild,98
/r/DontDeadOpenInside,98
/r/skinnywithabs,98
/r/aves,98
/r/SquaredCirclejerk,98
/r/thebluepill,98
/r/seahawks,98
/r/TaliaC,98
/r/Ohlympics,98
/r/BustyNaturals,98
/r/footballmanagergames,98
/r/crossdressing,98
/r/fishing,98
/r/RussiaDenies,97
/r/dogtraining,97
/r/MouthWideOpen,97
/r/beatingadeadhorse,97
/r/lookwhoimet,97
/r/microcenterproxy,97
/r/upvotedbecauseboobs,97
/r/therealmisandry,97
/r/CamilaMorrone,97
/r/frontfootporn,97
/r/machineporn,97
/r/geocaching,97
/r/TheUnderbun,97
/r/Kanye,97
/r/ShitPost,97
/r/AccidentalComedy,97
/r/hoarding,97
/r/insidejorahshead,97
/r/iwallpaper,97
/r/progmetal,97
/r/Advice,97
/r/mildlymetal,97
/r/misanthropy,97
/r/ingress,97
/r/boston,97
/r/comicswap,97
/r/Vore,97
/r/needafriend,97
/r/magicTCG,97
/r/magiccardpulls,97
/r/AdoptASilver,97
/r/tayne,97
/r/androidgaming,97
/r/tf2circlejerk,97
/r/LifeasanNPC,97
/r/politicalhumor,97
/r/imaginarymaps,97
/r/EnoughMuskSpam,97
/r/thuglife,96
/r/Photoshopbattles,96
/r/pushing,96
/r/creepydesign,96
/r/UnderboobGW,96
/r/SRSMythos,96
/r/Homebrewing,96
/r/sideboob,96
/r/collegebasketball,96
/r/imaginarymonsters,96
/r/carscirclejerk,96
/r/excel,96
/r/idliketobeatree,96
/r/RepressedGoneWild,96
/r/EugenieBouchard,96
/r/fashionsouls,96
/r/StarWars,96
/r/Amish,96
/r/beadsprites,96
/r/linux4noobs,96
/r/ExposurePorn,96
/r/dankruto,96
/r/celebfakes,96
/r/NSFW,96
/r/IHateSportsball,96
/r/whocares,95
/r/shittychurning,95
/r/snakeswithhats,95
/r/cuteguybacks,95
/r/redpillwomen,95
/r/gayfortodd,95
/r/seniorkitties,95
/r/mmaww,95
/r/pandoranredcross,95
/r/WafukuAsians,95
/r/mirin,95
/r/ProtectAndServe,95
/r/CarolineVreeland,95
/r/coatswithoutshirts,95
/r/PictureGame,95
/r/masterreturns,95
/r/shittytattoos,95
/r/amateurgirlsbigcocks,95
/r/cigars,95
/r/igawyrwal,95
/r/analog,95
/r/fractalporn,95
/r/BlackScienceMan,95
/r/sidehugs,95
/r/gifsthatdontendsoonenough,95
/r/FuckImOld,95
/r/foggypics,95
/r/tf2weaponideas,95
/r/expectedsabaton,95
/r/carbage,95
/r/WeirdBoner,95
/r/bdsmpersonals,95
/r/teleshits,95
/r/notits,95
/r/rupaulsdragrace,94
/r/forwardsfrombabushka,94
/r/DiaryOfARedditor,94
/r/scarrapics,94
/r/SexyGirlsInBoots,94
/r/woofbarkwoof,94
/r/randomactsofmusic,94
/r/poppunkers,94
/r/thongbodysuit,94
/r/KarmaStore,94
/r/neckbeard,94
/r/bigboye,94
/r/unexpectedgimli,94
/r/batmangifs,94
/r/TodayIGrandstanded,94
/r/tf2dadjokes,94
/r/zelda,94
/r/mineralporn,94
/r/announcements,94
/r/hotlohan,94
/r/seethru,94
/r/hutcoinsales,94
/r/watchpeoplealmostdie,94
/r/MisleadingPuddles,94
/r/interesting,94
/r/megalinks,94
/r/indieheads,94
/r/pulsatingcumshots,94
/r/amateurradio,94
/r/QUALITYanime,94
/r/Im14AndThisIsWTF,94
/r/GaySelfies,94
/r/moonmoon,94
/r/LoveToWatchYouLeave,94
/r/worldpolitics,94
/r/seinfeld,93
/r/candiceswanepoel,93
/r/exxxtras,93
/r/badcopnodonut,93
/r/watchmeidie,93
/r/blackmirror,93
/r/vpn,93
/r/japanesegameshows,93
/r/redditthroughhistory,93
/r/tronscript,93
/r/ineedaname,93
/r/mildlydisappointing,93
/r/WoahDude,93
/r/AdPorn,93
/r/cowboys,93
/r/cornhub,93
/r/iphone,93
/r/handwriting,93
/r/dfsports,93
/r/toomanypillows,93
/r/webdev,93
/r/notevenmildlyinteresting,93
/r/FreeEBOOKS,93
/r/playitfortheplot,93
/r/zettairyouiki,93
/r/vapeitforward,93
/r/NSFW411,93
/r/watersports,93
/r/NeverTellMeTheOdds,93
/r/AmyAdams,93
/r/catseatingpasta,93
/r/iiiiiiitttttttttttt,93
/r/runningmusic,93
/r/memesirl,93
/r/newzealand,93
/r/mexico,93
/r/CableManagement,93
/r/hesquats,93
/r/HaveToHaveHer,93
/r/maddenultimateteam,93
/r/ThingsJohnSnowKnows,93
/r/LV426,93
/r/nsfwasmr,93
/r/Nootropics,93
/r/musictheory,93
/r/shittydiy,93
/r/exnocontact,93
/r/bestofoutrageculture,93
/r/smoking,93
/r/littlespace,92
/r/MyCherryCrush,92
/r/singularity,92
/r/Tulpas,92
/r/WeirdWheels,92
/r/helpinghand,92
/r/WebGames,92
/r/idreamofjpeg,92
/r/JessGray,92
/r/Getdownmrpresident,92
/r/loans,92
/r/badcode,92
/r/potatogirl,92
/r/Rainmeter,92
/r/rpg,92
/r/Hotchickswithtattoos,92
/r/gamingart,92
/r/gaybrosgonemild,92
/r/StackAdvice,92
/r/LONESTAR,92
/r/riskyclickoftheday,92
/r/bbw,92
/r/lifeasannpc,92
/r/CombatFootage,92
/r/Trees,92
/r/Wincest,92
/r/calledit,92
/r/ketotrees,92
/r/miiverseinaction,92
/r/badrocketleaguegoals,92
/r/descriptivetitle,92
/r/toiletthoughts,92
/r/TanyaMityushina,92
/r/kungfucinema,92
/r/knitting,92
/r/amifreetogo,92
/r/tflewd,92
/r/slaycringe,92
/r/bitcoinbeg,92
/r/GuildRecruitment,92
/r/onepiececirclejerk,92
/r/oddlyunsatisfying,92
/r/firearms,92
/r/letsplay,92
/r/baldpplarewalterwhite,91
/r/tripsit,91
/r/Roadcam,91
/r/stopresisting,91
/r/shroomers,91
/r/skyporn,91
/r/psnfriends,91
/r/spacecats,91
/r/neckbeards,91
/r/YouShouldKnow,91
/r/eood,91
/r/HoldMyBeer,91
/r/collared,91
/r/workit,91
/r/WouldNotBang,91
/r/LeagueofMemes,91
/r/futuristparty,91
/r/hammocks,91
/r/litecoinmining,91
/r/perfectlycutscreams,91
/r/Stoicism,91
/r/onetruegaben,91
/r/mildlyarousing,91
/r/ocd,91
/r/gwcouples,91
/r/NatalieAlynLind,91
/r/howtohack,91
/r/rabbits,91
/r/subreddit,91
/r/SCJerk,91
/r/taylormariehill,91
/r/Lightbulb,90
/r/NoSillySuffix,90
/r/MenKissing,90
/r/nobodycares,90
/r/venezuelangirls,90
/r/programmerdadjokes,90
/r/dickgirls,90
/r/LoLChampConcepts,90
/r/tellmeimpretty,90
/r/adventuretrees,90
/r/raptured,90
/r/3edgy5me,90
/r/whogivesashit,90
/r/CannabisExtracts,90
/r/Loudgifs,90
/r/sexypetites,90
/r/facebookquotes,90
/r/nbaconspiracy,90
/r/stonercringe,90
/r/accidentalrockwell,90
/r/MildlyVandalised,90
/r/propagandaposters,90
/r/dankgatmaymays,90
/r/corgibutts,90
/r/spicy,90
/r/accidentallycommunist,90
/r/imagestabilization,90
/r/xmrtrader,90
/r/alexandradaddario,90
/r/Art,90
/r/gravityfalls,90
/r/fowardsfromgrandma,90
/r/homestuck,90
/r/legs,90
/r/ThatsTheJoke,90
/r/madmudmen,89
/r/ps4deals,89
/r/FIFA,89
/r/gifswithsound,89
/r/HateCrimeHoaxes,89
/r/smashart,89
/r/ForwardsFromKlandma,89
/r/arrow,89
/r/france,89
/r/seinfeldgifs,89
/r/JerryLawlerJokes,89
/r/notthebeaverton,89
/r/katyperry,89
/r/masterforgiveme,89
/r/StonerPhilosophy,89
/r/chinaglass,89
/r/CreepyPMs,89
/r/toplessinjeans,89
/r/SimpsonsDidIt,89
/r/colorization,89
/r/buccosconspiracy,89
/r/survivorcirclejerk,89
/r/JapaneseGameShows,89
/r/foodhacks,89
/r/LearnJapanese,89
/r/commaconspiracy,89
/r/WatchPeopleDieInside,89
/r/RomeSweetRome,89
/r/WhoWouldGoWild,89
/r/posthardcore,89
/r/AverageBattlestations,89
/r/sobstory,89
/r/waist,89
/r/uptimeporn,89
/r/JessicaNigri,89
/r/miniswap,89
/r/Rateme,89
/r/BridgitMendler,89
/r/trailmeals,89
/r/MarijuanaEnthusiasts,89
/r/retiredsub,88
/r/makemeagif,88
/r/ConspiracyGrumps,88
/r/InfrastructurePorn,88
/r/CatConspiracy,88
/r/bacon,88
/r/gonewildpopping,88
/r/MetaMandela,88
/r/notkayfabenews,88
/r/justridingalong,88
/r/riskyclicks,88
/r/MLBstreams,88
/r/wheelanddeal,88
/r/trexgonewild,88
/r/raofab,88
/r/inglip,88
/r/explainlikeIAmA,88
/r/asscredit,88
/r/quotes,88
/r/electricians,88
/r/SmiteSkinConcepts,88
/r/zombies,88
/r/unbg,88
/r/SpideyMeme,88
/r/synthrecipes,88
/r/DanielaLopez,88
/r/GirlsFinishingTheJob,88
/r/nlsscirclejerk,88
/r/FunnyAndSad,88
/r/Hiphopcirclejerk,88
/r/annamasterrace,88
/r/eder,88
/r/whatsthatbook,87
/r/EliteWings,87
/r/breakups,87
/r/streetfights,87
/r/serafuku,87
/r/truth,87
/r/NobodyAsked,87
/r/thatdidnthappen,87
/r/allthingszerg,87
/r/oculus,87
/r/ThingsJonSnowKnows,87
/r/gunpolitics,87
/r/Cuckold,87
/r/googlepoems,87
/r/kopiernudeln,87
/r/aoe2,87
/r/PhonesAreBad,87
/r/twohealthbars,87
/r/romesweetrome,87
/r/buttplug,87
/r/DSLs,87
/r/elitewings,87
/r/DAERememberThisGame,87
/r/mildlyannoying,87
/r/nipslip,87
/r/victoriajustice,87
/r/thesimpsons,87
/r/sports,87
/r/mousereview,87
/r/DudeClub,87
/r/fitnesscirclejerk,86
/r/london,86
/r/upvotebecauseboy,86
/r/usedpanties,86
/r/pitbulls,86
/r/MouseReview,86
/r/SpaceBuckets,86
/r/dota2tutor,86
/r/EngineeringPorn,86
/r/GakiNoTsukai,86
/r/studentnurse,86
/r/bulkorcut,86
/r/shitposting,86
/r/OkCupid,86
/r/worstofrpics,86
/r/circlejerkcirclejerk,86
/r/shallowhouse,86
/r/insideJorahshead,86
/r/unashamed,86
/r/shittynews,86
/r/mcpe,86
/r/chicksinhockeyjerseys,86
/r/WatchPeopleDie,86
/r/DeepIntoYoutube,86
/r/lowqualitygifs,86
/r/Pokeents,86
/r/nba2k,86
/r/pathofexile,86
/r/shittycosplay,86
/r/slightcellulite,86
/r/memeframe,86
/r/canadaguns,86
/r/MinecraftCirclejerk,86
/r/NoisyGifs,86
/r/OldPeopleFacebook,86
/r/saggy,86
/r/gonewildscrubs,86
/r/seangares,85
/r/menonunstableladders,85
/r/Gunsforsale,85
/r/WhatAWeeb,85
/r/drivermacgyver,85
/r/hardware,85
/r/sharkswithhumanteeth,85
/r/soon,85
/r/GayBlowjobs,85
/r/justthetip,85
/r/weirdwheels,85
/r/aquaponics,85
/r/catconspiracy,85
/r/gonewanton,85
/r/Gatekeeping,85
/r/circlejerkpdx,85
/r/thewaywewere,85
/r/visualnovels,85
/r/roombaww,85
/r/Demotivational,85
/r/labiagw,85
/r/imgoingtomyroomforthis,85
/r/dota2blog,85
/r/pornporn,85
/r/retiredcomment,85
/r/Tinder,85
/r/SocialEngineering,85
/r/overlanding,85
/r/weddingringsshowing,85
/r/metalgearsolid,85
/r/meeseeksanddestroy,85
/r/AccidentalRacism,85
/r/highseddit,85
/r/mildlyretarded,85
/r/teenmfa,85
/r/flying,85
/r/DebateReligion,85
/r/asianparentstories,85
/r/swedishproblems,85
/r/cleganebowl,85
/r/talesfromthefrontdesk,84
/r/LeagueConnect,84
/r/Meirl,84
/r/whitepeopleproblems,84
/r/tasker,84
/r/juststemthings,84
/r/gifsthatdontendtoosoon,84
/r/Shitstatistssay,84
/r/FierceFlow,84
/r/totallynotdogs,84
/r/bananawetfloorsign,84
/r/flatpuppy,84
/r/CumHaters,84
/r/carcrash,84
/r/MMFB,84
/r/braswap,84
/r/waterpoloboobs,84
/r/darwinawards,84
/r/buttsthatgrip,84
/r/shittyTIL,84
/r/streetart,84
/r/blup,84
/r/pixelart,84
/r/asexuality,84
/r/DesignPorn,84
/r/kitler,84
/r/thisismydeathnow,84
/r/needsmorejpeg,84
/r/trippy,84
/r/explainlikeiama,84
/r/gullsgonewild,84
/r/risingthreads,84
/r/infernalmachine,84
/r/realestate,84
/r/lynnchu,84
/r/secretsanta,84
/r/JadaStevens,84
/r/RedditRescueForce,84
/r/NotaMethAddict,84
/r/fifthworldvideos,84
/r/motiontrackedboobs,84
/r/catcircles,84
/r/stupid,84
/r/Makemeagif,84
/r/enhancement,84
/r/fuckbloat,84
/r/randomactsofkindness,84
/r/OCD,84
/r/IsJewBoyMarriedYet,83
/r/MarmiteBadgerGoneWild,83
/r/flawedboltons,83
/r/transhumanism,83
/r/blowit,83
/r/cracktheclue,83
/r/paydaytheheist,83
/r/evenwithoutcontext,83
/r/catpeoplehate,83
/r/ThingsThatBlowUp,83
/r/nipples,83
/r/Skookum,83
/r/mturk,83
/r/undertalecringe,83
/r/ExhibitionistSex,83
/r/uglypeoplealliance,83
/r/holdmynip,83
/r/eww,83
/r/mylittleandysonic1,83
/r/FindTheSniper,83
/r/iamveryrich,83
/r/litecoin,83
/r/wowscrolls,83
/r/doubleliftstrophycase,83
/r/DaniellaGrace,83
/r/birdteams,83
/r/swingers,83
/r/DisneyEyes,83
/r/feels,83
/r/FestivalSluts,83
/r/UnexpectedOverwatch,83
/r/catsareliquid,83
/r/MoundofVenus,83
/r/shirtredditsays,83
/r/CrossView,83
/r/WatchMeiDie,83
/r/moviesuggestions,83
/r/musicbattlestations,83
/r/askjerks,83
/r/notamethaddict,83
/r/nonononono,83
/r/tf2lft,83
/r/georgegifs,83
/r/whitepeoplefacebook,83
/r/givemethevirus,83
/r/itsasmallworld,83
/r/wanttobelieve,83
/r/plotholes,83
/r/swarje,83
/r/Kappa,82
/r/killlahentai,82
/r/physicsgifs,82
/r/brentramboapproves,82
/r/ThisIsMyLifeNow,82
/r/SteamTradingCards,82
/r/FancyFollicles,82
/r/hotinthekitchen,82
/r/finance,82
/r/spidersgonewild,82
/r/mapgore,82
/r/SUpuns,82
/r/metalmusic,82
/r/Anarchism,82
/r/naruto,82
/r/standingout,82
/r/yishansucks,82
/r/thingsthatneverhappened,82
/r/squatfuck,82
/r/MagicCardPulls,82
/r/boring,82
/r/seattle,82
/r/whenyouseeit,82
/r/lilgrabbies,82
/r/portland,82
/r/OneTrueBiribiri,82
/r/unexpectedpokemon,82
/r/friends,82
/r/EricaCampbell,82
/r/GirlsWithHeadTowels,82
/r/zappafied,82
/r/franksadventures,82
/r/hockeyjerseys,82
/r/notacop,82
/r/unexpectedrickandmorty,82
/r/fivenightsatfreddys,82
/r/unnecessaryslomo,82
/r/KelliBerglund,82
/r/BeAmazed,82
/r/bicycletouring,82
/r/SympatheticMonsters,82
/r/churchofgoomy,82
/r/StuffYangSays,82
/r/demotivational,81
/r/perfectLoops,81
/r/hookah,81
/r/blackladies,81
/r/discexchange,81
/r/CivilizatonExperiment,81
/r/liverpoolfc,81
/r/truecels,81
/r/dogcoin,81
/r/kingofthehill,81
/r/incredibleindia,81
/r/notthisshitagain,81
/r/truthfulteenopinions,81
/r/PoliticalHumor,81
/r/unexpectedciv,81
/r/billwurtzmemes,81
/r/fantasybball,81
/r/thatshowthingswork,81
/r/withoutcontext,81
/r/cameltoe,81
/r/faceswap,81
/r/conspiracies,81
/r/funnyredditors,81
/r/lasertag,81
/r/stockings,81
/r/90sdesign,81
/r/japan,81
/r/slutsbedrunk,81
/r/welding,81
/r/drawmytattoo,81
/r/filmmakers,81
/r/Torula,81
/r/funkoswap,81
/r/sleepyasians,81
/r/truedota2,81
/r/retiredjokes,80
/r/livestreamfails,80
/r/TheseFuckingAccounts,80
/r/LegalAdvice,80
/r/logophilia,80
/r/vinylgore,80
/r/unexpecteddune,80
/r/kpop,80
/r/NFLstreams,80
/r/rants,80
/r/musicforsex,80
/r/toastersgw,80
/r/mmastreams,80
/r/cumontongue,80
/r/Jobs4Bitcoins,80
/r/Sneakers,80
/r/InvisibleBicycles,80
/r/subredditname,80
/r/NameMyTF2Item,80
/r/triggered,80
/r/ama,80
/r/malefashion,80
/r/Breadit,80
/r/cseventvods,80
/r/smashups,80
/r/unexpectedstarwars,80
/r/Conservative,80
/r/StormfrontOrSJW,80
/r/quickmaths,80
/r/parrots,80
/r/randomsexygifs,80
/r/unexpectedfallout,80
/r/physics,80
/r/panelshow,80
/r/RoadTrippin,80
/r/declutter,80
/r/CCW,80
/r/playitforward,80
/r/ps2ragetells,80
/r/windowsmemes,80
/r/ventglory,80
/r/Apollo,80
/r/depressing,80
/r/texas,80
/r/emilybloom,80
/r/jobuds,80
/r/CheeseAndRiceReddit,80
/r/chesthairporn,79
/r/picsofhorsedicks,79
/r/ECHi,79
/r/cumwalk,79
/r/birdswithhumanpenises,79
/r/brag,79
/r/pottedcats,79
/r/reddithashtags,79
/r/eaglestrophycase,79
/r/oldschoolcreepy,79
/r/CityPorn,79
/r/russia,79
/r/TheUnderboob,79
/r/starwarsnsfw,79
/r/ShowerOrange,79
/r/DarkSouls2,79
/r/onetruegary,79
/r/infectiouslaughter,79
/r/linuxquestions,79
/r/kelloggsgonewild,79
/r/BestOf,79
/r/rugbyunion,79
/r/NoMansSkyTheGame,79
/r/surpriselightsabers,79
/r/marvelstudios,79
/r/CatsInBusinessAttire,79
/r/goldenretrievers,79
/r/upskirt,79
/r/getdownmrmondatta,79
/r/seddit,79
/r/workonline,79
/r/tacos,79
/r/VPN,79
/r/upvotedbecausecat,79
/r/opiatesrecovery,79
/r/NSFWPublic,79
/r/DMDadJokes,79
/r/lowpoly,79
/r/backyardchickens,79
/r/wordavalanche,79
/r/MilaAzul,79
/r/swingersr4r,79
/r/anarchy,79
/r/malegrooming,78
/r/natureporn,78
/r/trapproduction,78
/r/boxingstreams,78
/r/dentistry,78
/r/dvdcollection,78
/r/ExplainLikeImFive,78
/r/pocketwhales,78
/r/funsized,78
/r/badkerning,78
/r/tryptophobia,78
/r/thatfappened,78
/r/IgaWyrwal,78
/r/F1CircleJerk,78
/r/edh,78
/r/yugioh101,78
/r/casualracism,78
/r/what,78
/r/DrinkingProblems,78
/r/stop,78
/r/whitelingerie,78
/r/mathjokes,78
/r/IWantToLearn,78
/r/tinydick,78
/r/im12andthisiswtf,78
/r/BaileyJay,78
/r/EntExchange,78
/r/hunks,78
/r/lbregs,78
/r/GrandTheftAutoV,78
/r/leafs,78
/r/TinyTits,78
/r/veganrecipes,78
/r/pantiestotheside,78
/r/kratom,78
/r/Justiceporn,78
/r/coffeewithjesus,78
/r/Battlecars,78
/r/paredolia,78
/r/MasterReturns,78
/r/WheelchairJimmy,78
/r/thirtyyearsago,78
/r/skinnytail,78
/r/askdrugs,78
/r/LoLFanArt,78
/r/hotofficegirls,78
/r/totallynotaliens,78
/r/docking,78
/r/whogivesafuck,77
/r/ArmedBirds,77
/r/racism,77
/r/allthingsmlg,77
/r/arduino,77
/r/invisiblebicycles,77
/r/gwcumsluts,77
/r/shittygifrecipes,77
/r/mutcoinselling,77
/r/dotavods,77
/r/nova,77
/r/projectcar,77
/r/onetruebiribiri,77
/r/vaping,77
/r/ducksintheway,77
/r/playrustservers,77
/r/absolutelynotanimeirl,77
/r/highthoughts,77
/r/fuckarvo,77
/r/PlayingWithFire,77
/r/redheads,77
/r/intermittentfasting,77
/r/angsty,77
/r/SexyGirlsInJeans,77
/r/swedenyes,77
/r/sfm,77
/r/PersonalFinanceCanada,77
/r/Transmogrification,77
/r/petstacking,77
/r/postrock,77
/r/aquaswap,77
/r/ComplexionExcellence,77
/r/LFG,77
/r/realasians,77
/r/mls,77
/r/theyalmostdidthemath,77
/r/ireland,77
/r/MakeNewFriendsHere,77
/r/cumfromanal,77
/r/Funny,77
/r/retiredvideo,77
/r/wrestlewiththepackage,77
/r/NotInteresting,77
/r/TalesFromTechSupport,77
/r/houston,77
/r/steampunk,77
/r/madlad,77
/r/SoftwareGore,77
/r/Australia,77
/r/slutoon,77
/r/simpleliving,77
/r/stevenuniverse,77
/r/Paleo,77
/r/forwardsfromgunny,77
/r/amiiboSwap,77
/r/gettingherselfoff,77
/r/thatswhatshesaid,76
/r/reclaimedbynature,76
/r/MassiveCock,76
/r/NASCARconspiracy,76
/r/TheOcho,76
/r/team60s,76
/r/SarahRoseMcDaniel,76
/r/newtotf2,76
/r/gumcels,76
/r/circlegrump,76
/r/halloween,76
/r/legaladviceUK,76
/r/warthunder,76
/r/deardiary,76
/r/RetiredGif,76
/r/tryingtoohard,76
/r/whatsthisbird,76
/r/USMCboot,76
/r/pornvids,76
/r/HannahFerguson,76
/r/UNITINU,76
/r/MuscleConfusion,76
/r/eFreebies,76
/r/guitarpedals,76
/r/lovetowatchyouleave,76
/r/fo4,76
/r/tumblratrest,76
/r/SavedYouAClick,76
/r/WhichGGEpisode,76
/r/morningbro,76
/r/spacecommunism,76
/r/aeromorph,76
/r/iammlbigi,76
/r/CourtneyTailor,76
/r/fleasandlicereddit,76
/r/firstimpression,76
/r/feralpokeporn,76
/r/funpiece,76
/r/destiny,76
/r/CoDCompPlays,76
/r/boobkarma,76
/r/TR8R,76
/r/weirdboners,75
/r/PCmasterrace,75
/r/conduitporn,75
/r/foundpaper,75
/r/InsaneCameramen,75
/r/scjerk,75
/r/lesecretsubreddit,75
/r/Dota2,75
/r/notnottheonion,75
/r/tacobell,75
/r/totallyexpected,75
/r/whataweeb,75
/r/DataIsBeautiful,75
/r/infrastructureporn,75
/r/oddlysexual,75
/r/menslib,75
/r/gamingpc,75
/r/deadjokes,75
/r/korrasami,75
/r/archerfx,75
/r/openbra,75
/r/ImaginaryLeviathans,75
/r/mademegiggle,75
/r/smitetraining,75
/r/NSFWInked,75
/r/BitchImABus,75
/r/fifthworldanarchists,75
/r/SillyDildo,75
/r/factorio,75
/r/babybumps,75
/r/actrade,75
/r/videography,75
/r/inside,75
/r/intj,75
/r/mylittlesquidward,75
/r/gallifrey,75
/r/badass,75
/r/bryci,75
/r/thanks,75
/r/bourbon,75
/r/google,75
/r/civcraft,75
/r/theydidtheresearch,75
/r/ShittyFoodPorn,75
/r/assontheglass,75
/r/splitdepthgifs,75
/r/motorsportsstreams,75
/r/malepolish,75
/r/geology,75
/r/teslamotors,75
/r/landfill,75
/r/FantasyPL,75
/r/sadboys,75
/r/SelenaGomez,75
/r/sfwporngifs,75
/r/LiverpoolFC,74
/r/assholegonewild,74
/r/cringeposts,74
/r/hayleywilliams,74
/r/ringlightporn,74
/r/unexpectedpawnee,74
/r/homestead,74
/r/sinkpissers,74
/r/ImaginaryTurtleWorlds,74
/r/KatherineMcNamara,74
/r/speedrun,74
/r/nowttyg,74
/r/AssholeBehindThong,74
/r/Petloss,74
/r/justFPthings,74
/r/UpvotedBecauseBoobs,74
/r/assholes,74
/r/japancirclejerk,74
/r/awardspeechedits,74
/r/pinkfloyd,74
/r/BeardPorn,74
/r/impresssedbycum,74
/r/pouts,74
/r/LaserCleaningPorn,74
/r/ffxiv,74
/r/ThePhenomenon,74
/r/CAguns,74
/r/industrialworldpowers,74
/r/thighhighs,74
/r/realmacklemore,74
/r/tentai,74
/r/modpiracy,74
/r/china,74
/r/bestoftribunal,74
/r/WeddingRingsShowing,74
/r/beekeeping,74
/r/swgemu,74
/r/pugs,74
/r/internethitlers,74
/r/darkhumor,74
/r/pokemonzetaomicron,74
/r/dogswithjobs,74
/r/bodyacceptance,74
/r/LoLStreams,74
/r/CircleJerk,74
/r/bass,74
/r/spongebob,74
/r/slavssquatting,74
/r/yurop,74
/r/hashtag,74
/r/boysfucking,73
/r/stacked,73
/r/cucumbersscaringcats,73
/r/interestingassfuck,73
/r/shittyhistory,73
/r/fireemblem,73
/r/chelseafc,73
/r/smashcorporate,73
/r/unexpectedouija,73
/r/Goatparkour,73
/r/EnoughTrumpSpam,73
/r/MilfPanties,73
/r/bf4emblems,73
/r/pappy,73
/r/ObscureMedia,73
/r/popheads,73
/r/arielrebel,73
/r/frogdogs,73
/r/noonecares,73
/r/themonsterkittens,73
/r/top,73
/r/AmandaCerny,73
/r/careerguidance,73
/r/mtgfinance,73
/r/misleadingthumbnail,73
/r/JordanCarver,73
/r/humor,73
/r/carbonatedmilk,73
/r/stopselfharm,73
/r/pastandpresentpics,73
/r/destinydadjokes,73
/r/fireporn,73
/r/truefilm,73
/r/PetiteTreat,73
/r/BreedingDittos,73
/r/bodyshots,73
/r/unexpecteddnd,73
/r/ketodrunk,73
/r/mallninja,73
/r/SwedenYes,73
/r/tflop,73
/r/mindblown,73
/r/wowthatsubexists,73
/r/Basebaww,73
/r/KatyaOgo,73
/r/totallynothumans,73
/r/debateachristian,73
/r/mormoncringe,73
/r/GirlswithGlasses,73
/r/HighMileageHoles,73
/r/izlam,73
/r/lost,73
/r/fortniteBR,73
/r/Brogres,73
/r/TheCryopodToHell,73
/r/pranks,73
/r/drugnerds,73
/r/LPT,72
/r/bonnarootickets,72
/r/FormerMs,72
/r/shittyjokes,72
/r/ImaginaryMonsters,72
/r/beeriadolia,72
/r/DakotaSkye,72
/r/WholesomeOuija,72
/r/cade,72
/r/bitcoincirclejerk,72
/r/jennettemccurdy,72
/r/westworld,72
/r/IdiotsInCars,72
/r/tsunderespiders,72
/r/DeadRedditors,72
/r/im14andimgoingtohellforthis,72
/r/heilcorporate,72
/r/accounting,72
/r/deadbabyjokes,72
/r/pussyjobs,72
/r/greenbaypackers,72
/r/healthymalesexuality,72
/r/bloodborne,72
/r/MCPE,72
/r/PS4Deals,72
/r/guysinsweatpants,72
/r/FMN,72
/r/TheSimpsons,72
/r/Anxiety,72
/r/nerdcubed,72
/r/MichaelBayGifs,72
/r/cricket,72
/r/fashionscape,72
/r/mildlyfunny,72
/R/thathappened,72
/r/brogres,72
/r/notinterestingatall,72
/r/onebros,72
/r/rickyisms,72
/r/InsaneCringePosse,72
/r/BirdsForScale,72
/r/citiesskylines,72
/r/windowsphone,72
/r/permaculture,72
/r/rapingwomen,72
/r/shitjadensays,72
/r/raidsecrets,72
/r/FuckArvo,72
/r/analsquirt,72
/r/borderporn,72
/r/XMasBabes,72
/r/destinymemes,72
/r/anarchistpics,72
/r/recipes,72
/r/totallypenis,72
/r/unsentletters,72
/r/4chanmeta,72
/r/CitiesSkylines,72
/r/EmmaWatsonBum,72
/r/colorblind,72
/r/whatsmyimpression,72
/r/A858DE45F56D9BC9,71
/r/Tipofmytongue,71
/r/BeholdTheMasterRace,71
/r/loudnoisesottawa,71
/r/weirdboobs,71
/r/MalenaMorgan,71
/r/sjwhate,71
/r/AlyRaisman,71
/r/vikingsgonewild,71
/r/911fanart,71
/r/spiderbros,71
/r/penaajena,71
/r/gentlemenboners,71
/r/dippingtobacco,71
/r/myaimistrue,71
/r/extremelypenis,71
/r/MontageParodies,71
/r/law,71
/r/pee,71
/r/JustStemThings,71
/r/mildlyfrustrating,71
/r/bikeporn,71
/r/TillSverige,71
/r/FoggyPics,71
/r/taylorswiftslegs,71
/r/wat,71
/r/circlebroke2,71
/r/gentlemanimals,71
/r/HotLohan,71
/r/ukpersonalfinance,71
/r/bananatits,71
/r/treeporn,71
/r/EngineeringStudents,71
/r/badparents,71
/r/r6steams,71
/r/horror,71
/r/onetrueidol,71
/r/LitecoinMarkets,71
/r/apphookup,71
/r/casualeugenics,71
/r/medical,71
/r/plastidip,71
/r/navysealcopypasta,71
/r/manholeporn,71
/r/pieces,71
/r/fantasylcs,71
/r/ethereum,71
/r/nottimandericpics,71
/r/whoregasm,71
/r/totallynotarobot,71
/r/BearJokes,71
/r/MilitaryPorn,71
/r/helicopterswitharms,71
/r/religion,71
/r/wafflestomp,71
/r/researchchemicals,71
/r/everythread,71
/r/hitboxgore,71
/r/FFXIVRECRUITMENT,71
/r/veganketo,71
/r/cringeofthering,71
/r/mildlyconfusing,71
/r/mead,71
/r/DeniseSchaefer,71
/r/DINIHTM,70
/r/itcareerquestions,70
/r/fatsquirrelhate,70
/r/hmmmgifs,70
/r/SophieSimmons,70
/r/singwithme,70
/r/airguns,70
/r/socalr4r,70
/r/OldManDog,70
/r/sexwithhorses,70
/r/gtamarketplace,70
/r/HelpingHand,70
/r/CatsNamedToothless,70
/r/Colorization,70
/r/xmasgirls,70
/r/biomememes,70
/r/AskAShittyMechanic,70
/r/purebattlefield,70
/r/yoga,70
/r/AsianOL,70
/r/coys,70
/r/PurpleCoco,70
/r/DoveCameron,70
/r/RedPillWomen,70
/r/SplitDepthGIFS,70
/r/propaganda,70
/r/fixxit,70
/r/olltide,70
/r/memeyourenthusiasm,70
/r/madden,70
/r/drawing,70
/r/SubtleNudity,70
/r/notfoolinganybody,70
/r/electronicmusic,70
/r/subredditashashtag,70
/r/rcsources,70
/r/amazonposition,70
/r/FuckMyShitUp,70
/r/kpophelp,70
/r/shutupmeg,70
/r/alienblue,70
/r/rimworld,70
/r/ShinyPorn,70
/r/clownbutter,70
/r/Watches,70
/r/unexpecteddouble,70
/r/chastity,70
/r/justgirlythings,70
/r/bigshowfanclub,70
/r/dustypcs,70
/r/animalsbeingdicks,70
/r/spikes,70
/r/gtagivers,70
/r/sochiproblems,70
/r/KelloggsGoneWild,70
/r/falloutdadjokes,70
/r/enoughtrumpspam,70
/r/mildlyunsettling,70
/r/gloriav,70
/r/bicyclingcirclejerk,70
/r/Redditside,70
/r/gamersbeingbros,70
/r/AMADisasters,70
/r/transgendercirclejerk,70
/r/simracing,70
/r/shittytodayilearned,70
/r/lookatmygirlfriend,70
/r/PandR,70
/r/tagprocirclejerk,69
/r/PrettyLittleCumsluts,69
/r/andwelcometothejam,69
/r/ineeeedit,69
/r/imaginaryleviathans,69
/r/classicbattlefield,69
/r/sneakersgonewild,69
/r/4chanexploitables,69
/r/tekkitservers,69
/r/ferrets,69
/r/Eufrat,69
/r/tweakbounty,69
/r/incestporn,69
/r/theydidthepocketmonstermath,69
/r/corejerk,69
/r/veins,69
/r/denverlist,69
/r/classiccovers,69
/r/All,69
/r/postorgasm,69
/r/gifsgonewild,69
/r/onetrueqb,69
/r/movieposterporn,69
/r/onepiece,69
/r/AVoid5,69
/r/castles,69
/r/smashilluminati,69
/r/anormaldayinamerica,69
